Player_Name,Hard_ELO,Clay_ELO,Grass_ELO,Player_age
James Duckworth,1464.7575179541304,1436.2529736049296,1465.5004252133199,31.6
Constant Lestienne,1569.6803776280528,1532.5694318960248,1534.0832698413594,30.8
Toni Androic,1498.4797199033699,1498.4722575586616,1498.9839924873438,31.0
Jeevan Nedunchezhiyan,1499.0,1499.5,1499.5,34.1
Finn Reynolds,1498.8245437420292,1498.8245437420292,1497.649087484058,23.6
Marcos Baghdatis,1503.6502904915092,1491.6311807182688,1500.6137370499898,37.6
Santiago Fa Rodriguez Taverna,1488.0123736676442,1476.0247473352883,1488.0123736676442,23.8
Beibit Zhukayev,1487.140898854987,1493.5704494274935,1493.5704494274935,22.9
Eliot Spizzirri,1500.0,1500.0,1500.0,21.5
Gonzalo Villanueva,1483.2397189070946,1491.6198594535474,1491.6198594535474,28.5
Prajnesh Gunneswaran,1443.0448109639026,1466.7342264899528,1466.0331824028535,33.2
Patrick Kypson,1497.985440459372,1498.992720229686,1498.992720229686,23.5
Renzo Olivo,1470.8363957776135,1464.726733277333,1477.1782350779329,32.9
Oscar Otte,1467.2545070976198,1502.100321161217,1579.0817650134813,29.7
Tristan Schoolkate,1492.1545891026374,1496.0772945513188,1496.0772945513188,21.9
Alejandro Tabilo,1496.4664441944992,1552.4464408634935,1497.6839567216728,25.7
Thomas Fancutt,1488.664307980969,1494.3321539904846,1494.3321539904846,27.9
Andis Juska,1499.5016342949793,1499.7508171474897,1499.7508171474897,37.6
Brian Baker,1491.0932402364247,1492.625512575645,1492.7563857553107,38.1
Denis Kudla,1391.3059666544034,1397.9731812492334,1438.8201010117746,30.6
Quang Huy Ngo,1499.75,1499.875,1499.875,38.9
Yanaki Milev,1500.0,1500.0,1500.0,19.4
Soufiane El Mesbahi,1499.5,1499.75,1499.75,22.1
Andreas Seppi,1421.8398710196348,1434.468548250612,1446.6520157484074,39.2
Dennis Novak,1394.9926756782197,1422.721959467024,1433.7877385695558,30.4
Carl Soderlund,1499.994995329172,1499.9899906583441,1499.994995329172,26.1
Marcelo Arevalo,1511.868213041976,1504.7243395007847,1505.5308508475869,32.9
Nicolas Almagro,1494.0842481057741,1505.3100091256995,1497.8065098221546,38.9
Zizou Bergs,1423.8918139889597,1452.4181321323158,1438.0454052814252,23.7
Evgeny Karlovskiy,1497.9693796459824,1498.9846898229912,1498.9846898229912,29.1
Martin Alund,1499.4937323052761,1498.9874646105525,1499.4937323052761,37.1
Peter Bertran,1500.2291249247678,1500.3020624623837,1500.1770624623837,27.5
Arthur Fils,1478.568316701789,1489.2841583508946,1489.2841583508946,18.9
Alexandros Jakupovic,1500.125,1500.25,1500.125,41.2
Anthony Jackie Tang,1500.4994626550558,1500.2497313275278,1500.2497313275278,24.1
Phuong Van Nguyen,1499.7496093538637,1499.4992187077273,1499.7496093538637,22.0
Gabriel Flores Ruiz,1499.7500899447264,1499.8750449723632,1499.8750449723632,31.0
Adrian Menendez Maceiras,1491.120305412607,1490.9508297200618,1493.3319338588121,37.4
Alex Molcan,1507.9746877185526,1634.1402280328596,1555.0875731392525,25.3
Edgars Manusis,1497.4611615137976,1498.7305807568987,1498.7305807568987,36.5
Alexandre Sidorenko,1498.9271138056824,1499.4635569028414,1499.4635569028414,35.5
Arthur Fery,1500.0,1500.0,1500.0,20.9
Mark Lajal,1497.486731586926,1494.9734631738518,1497.486731586926,20.4
Eric Jr. Olivarez,1499.7503592634698,1499.5007185269396,1499.7503592634698,24.8
Juan Monaco,1498.9507889774234,1505.3975143518583,1500.861129417161,40.0
Radek Stepanek,1494.243871976603,1496.9943145613822,1496.6721987868596,44.1
David Agung Susanto,1498.7597723192773,1499.3808276036148,1499.380199974297,35.1
Seanon Williams,1499.2502962278336,1499.2508878576275,1499.5003946951535,34.9
Alexander Merino,1499.8742229481368,1499.7484458962736,1499.8742229481368,30.4
Thanasi Kokkinakis,1490.6411861969377,1486.2333341679373,1507.851871345661,26.9
Rodrigo Arus,1500.1260135310342,1499.8751697694333,1500.0003944334892,27.9
Blake Mott,1487.536304881148,1493.768152440574,1493.768152440574,26.7
Artem Sitak,1499.0203922670505,1499.5101961335251,1499.5101961335251,36.9
Chun Hsin Tseng,1389.3427164345467,1406.49719210175,1407.3133595792938,22.1
Wilfredo Gonzalez,1499.9307741130872,1499.9653870565435,1499.9653870565435,30.1
Fabiano De Paula,1499.4975290308705,1498.9950580617412,1499.4975290308705,34.6
Julien Cagnina,1499.5,1499.75,1499.75,28.6
Ryan Harrison,1482.993256171092,1481.3435715546518,1480.2834269489942,31.6
Liam Broady,1504.8974176803463,1506.215584421691,1520.4557177210072,29.2
Mate Valkusz,1498.4902218982006,1496.9804437964015,1498.4902218982006,25.2
Markus Eriksson,1499.5865320198136,1498.4672961909228,1499.3512760702456,33.7
Martin Cuevas,1495.0431273457664,1494.7166737833259,1496.586600376364,31.6
Linh Giang Trinh,1499.9999100552736,1499.6248201105473,1499.8749100552736,31.5
Abdulhamid Mubarak,1499.87504503706,1499.7500900741202,1499.87504503706,28.8
Micke Kontinen,1499.49942157036,1499.3738431407196,1499.62442157036,30.2
Jad Ballout,1499.3742321704208,1499.4992791325471,1499.624503767656,26.3
Rudolf Molleker,1488.5556063269778,1488.504689609248,1484.6916267030786,26.7
Benjamin Mitchell,1498.962752938994,1499.481376469497,1499.481376469497,30.0
Benjamin Balleret,1499.0222658539415,1498.0428286841757,1499.0216981793722,40.1
Jc Aragone,1488.492476787583,1493.2139603097323,1491.1494041416147,27.5
Andrea Pellegrino,1499.9945871826058,1499.9891743652115,1499.9945871826058,26.5
Jack Sock,1504.0944018923524,1504.0570023376715,1533.289261531312,30.5
M Abid Ali Khan Akbar,1500.1245071148642,1500.000001034358,1500.3749561909704,32.5
Thiemo De Bakker,1487.909611714951,1490.2232635077432,1492.103706157775,35.7
Mohd Assri Merzuki,1499.99999986978,1499.99999993489,1499.99999993489,28.1
Adam Pavlasek,1495.6789993945956,1498.531375625474,1498.5152521078007,28.6
Juan Sebastian Cabal,1499.113279580189,1499.7442072486392,1499.619162276276,37.2
Terence Atmane,1500.0,1500.0,1500.0,21.7
Aleksandar Vukic,1523.930652024413,1506.5461575419145,1503.8739001458339,26.9
Ibrahim Abou Chahine,1499.5001691449932,1499.7500845724967,1499.7500845724967,32.5
Vilius Gaubas,1497.5,1498.75,1498.75,18.6
Christopher Rungkat,1501.7464066183186,1500.8732033091594,1500.8732033091594,33.1
Kento Takeuchi,1498.9942477502627,1499.4971238751314,1499.4971238751314,35.7
Daniel Windahl,1499.4901985342483,1499.7450992671243,1499.7450992671243,26.6
Antso Rakotondramanga,1500.001985754494,1500.00085500445,1500.000946919648,34.5
Sam Riffice,1484.3233619619564,1492.1616809809782,1492.1616809809782,24.4
Victor Baluda,1498.9883616548032,1499.4941808274016,1499.4941808274016,31.0
Feliciano Lopez,1309.1987797029758,1343.539069748981,1358.1928819645182,41.5
Bogdan Borza,1500.4987174022615,1500.2493587011309,1500.2493587011309,25.8
Nathan Pasha,1498.9795846091529,1499.4897923045764,1499.4897923045764,31.0
Tomislav Brkic,1498.943889286053,1499.0958543589034,1499.3465812149855,35.5
Patrik Niklas Salminen,1497.1418963157817,1498.947344645452,1498.6964136537445,27.5
Karim Hossam,1498.75,1499.375,1499.375,28.8
Thai Son Kwiatkowski,1480.2476533918502,1489.8717760989289,1489.3676749049366,28.5
Noah Rubin,1468.8902296364188,1478.5089136587053,1479.1179717809623,27.8
Daniel Altmaier,1334.3350857364976,1359.8330516631584,1382.1367647137638,24.6
David Szintai,1499.5325345379115,1499.7662672689557,1499.7662672689557,25.6
Roberto Bautista Agut,1643.772530626705,1599.8658628129697,1628.745145833615,35.0
Wishaya Trongcharoenchaikul,1496.952485738317,1499.9691002620061,1498.9742204999661,29.4
Frances Tiafoe,1788.2505648956917,1648.2509621826184,1686.631817971503,25.3
Arjun Kadhe,1473.7975772123104,1486.8987886061552,1486.8987886061552,29.0
Gijs Brouwer,1523.5208594589355,1528.870384609684,1517.4637480228732,27.0
Nerman Fatic,1500.9317607132657,1502.2631342091954,1501.0649649741536,29.8
Sho Shimabukuro,1478.3281344479149,1489.1640672239573,1489.1640672239573,26.2
Rui Machado,1500.2219267582702,1499.695456762727,1499.9724611736658,39.0
Franko Skugor,1492.380116314668,1491.0181653424113,1491.0678882818584,36.3
Yaraslav Shyla,1498.9659740451273,1499.1049689354916,1499.3569809935398,30.9
Alejandro Gonzalez,1482.7150758850096,1483.64310771442,1486.8017329280515,37.0
Martin Antonio Vergara Del Puerto,1498.9974873692695,1497.994974738539,1498.9974873692695,20.3
Jared Donaldson,1488.5567309708572,1486.471659887419,1490.5523843924568,26.3
Younes Rachidi,1500.125,1500.25,1500.125,36.3
Caleb Chakravarthi,1478.4307558592022,1489.2153779296011,1489.2153779296011,24.0
Syed Mohd Agil Syed Naguib,1499.75,1499.875,1499.875,29.0
Abedallah Shelbayh,1500.0,1500.0,1500.0,19.4
Oliver Marach,1500.1239495624254,1500.2478991248506,1500.1239495624254,42.9
Jui Chen Hung,1499.9999990475408,1499.9999995237702,1499.9999995237702,32.9
Ismael Changawa Ruwa Mzai,1499.497492022817,1499.7487460114085,1499.7487460114085,26.6
Steve Johnson,1502.5745199574446,1518.3350241750002,1558.5125457564006,33.2
Nick Kyrgios,1860.282110938499,1765.9765843355106,1872.9172646735517,29.1
Yannick Hanfmann,1482.888880356684,1518.4021989485402,1481.2699890341394,31.4
Damir Dzumhur,1429.079409600789,1452.094844719072,1461.8915203194213,30.9
Martins Podzus,1499.4966885564347,1500.1234143345305,1499.8733676303216,29.5
Aziz Dougaz,1503.1356873616014,1503.4534559155666,1502.1963810923892,27.4
Franz Luna Lavidalie,1498.943566489065,1499.4717832445324,1499.4717832445324,25.4
Aleksandre Bakshi,1479.4252231907267,1489.7126115953633,1489.7126115953633,25.4
Jordi Samper Montana,1498.0513837092124,1496.1027674184247,1498.0513837092124,33.0
Rodrigo Senattore,1500.0000003352677,1500.0000001676337,1500.0000001676337,29.6
Vincent Millot,1491.2348225851806,1495.112091532404,1494.1014520120307,37.4
Alejandro Falla,1486.873624872092,1488.6814024900043,1490.5928895833729,39.2
Mykyta Mashtakov,1499.874637782829,1499.7492755656583,1499.874637782829,24.0
Stefano Napolitano,1499.502001994131,1499.0040039882617,1499.502001994131,34.0
Axel Michon,1500.0027213347532,1500.0054426695065,1500.0027213347532,32.4
Joao Menezes,1487.2025518924675,1485.133300936134,1490.7786176095337,26.5
Courtney John Lock,1499.495138439181,1499.7475692195903,1499.7475692195903,26.3
Cristian Garin,1545.403240782658,1603.8787123367329,1632.488540555519,26.8
Blaz Kavcic,1478.7993930444893,1484.3100347771983,1486.3939980432858,37.9
Kaipo Marshall,1491.9743464529838,1495.9871732264921,1495.9871732264921,21.4
Alexei Popyrin,1399.835348379945,1407.4623510106273,1382.7193616341501,23.6
Sebastian Quiros,1499.6250899447264,1499.6250449723632,1499.7500449723632,24.9
Martin Landaluce,1490.2794845416925,1495.1397422708462,1495.1397422708462,17.2
Andrea Vavassori,1481.7903928208582,1481.3108187613093,1462.1420634630697,27.9
Daniil Glinka,1497.8870248309327,1498.9435124154663,1498.9435124154663,24.3
Benjamin Hassan,1500.8596939095403,1500.030620952591,1500.2967716207104,28.6
N Sriram Balaji,1499.7496677593604,1499.4993355187205,1499.7496677593604,33.4
Osgar Ohoisin,1500.0002350780296,1500.0001175390148,1500.0001175390148,28.0
Luciano Darderi,1500.0,1500.0,1500.0,20.9
Titouan Droguet,1500.0,1500.0,1500.0,22.2
Kenneth Raisma,1499.482404843966,1499.741202421983,1499.741202421983,24.8
Casper Ruud,1783.391263081785,1854.5602842813448,1648.4831575844057,24.3
Victor Estrella,1472.0329062449443,1485.1436876852456,1477.5110168145054,42.5
Yu Hsiou Hsu,1500.0,1500.0,1500.0,24.5
Daniel Michalski,1500.5,1500.25,1500.25,27.9
Tom Diederich,1499.7503552638577,1499.8751776319289,1499.8751776319289,30.2
Martin Klizan,1488.4274717183007,1508.388356524367,1490.7126080430867,34.6
Ryan Shane,1498.0465270248567,1499.0232635124285,1499.0232635124285,29.3
Donald Young,1476.2682771700813,1479.2252140619173,1482.725850734347,36.4
Nicolaas Scholtz,1499.220899059978,1499.6104495299887,1499.6104495299887,32.9
Yuta Shimizu,1479.486465634153,1490.3673333703955,1491.6155344770336,25.3
Vladyslav Orlov,1494.96054890492,1497.48027445246,1497.48027445246,28.3
Mikael Torpegaard,1487.5759978882622,1492.651619943596,1489.879221721384,29.8
Denis Istomin,1438.5513881354327,1450.788575218494,1461.2610539673772,36.4
Alen Avidzba,1500.0010347349667,1500.0005173674833,1500.0005173674833,23.6
Tomas Martin Etcheverry,1379.8827572026867,1340.1399346728606,1380.1078426150486,23.7
Tobias Kamke,1483.631865418622,1489.5727428969356,1490.437184065658,39.2
Luis Patino,1496.712852332842,1497.630499560765,1498.1144506312023,32.4
Ryan Peniston,1495.7395719712767,1508.3044857895381,1529.1738853973377,27.6
Jesse Flores,1498.987583926971,1499.4937919634856,1499.4937919634856,27.9
Cesar Cruz,1489.9250667952315,1494.962533397616,1494.962533397616,16.9
Emil Reinberg,1497.8162464753252,1498.9081232376625,1498.9081232376625,26.2
Khumoun Sultanov,1498.5002371014064,1499.0006553088265,1499.5002974700776,29.2
Thomaz Bellucci,1474.588860318629,1482.1665986045823,1481.1525935277105,40.1
Alex Diaz,1499.746966231426,1499.873483115713,1499.873483115713,28.4
August Holmgren,1499.100187370837,1499.5500936854185,1499.5500936854185,26.7
Tim Smyczek,1468.0475003866425,1477.4241722715708,1477.5655229255963,35.5
Christian Garay,1500.4996400919802,1500.24982004599,1500.24982004599,27.0
Dmitry Popko,1484.5791404759977,1492.3580192051018,1492.3123865603661,30.8
Gonzalo Bueno,1500.0,1500.0,1500.0,19.4
Chris Guccione,1499.5001088880908,1499.5001088880908,1499.0002177761814,37.8
Marton Fucsovics,1484.0067982623277,1511.5208508928743,1517.148899395765,31.1
Christian Lindell,1497.3996939771407,1497.068494461639,1498.1560628129266,31.3
Juan Pablo Ficovich,1502.762170547673,1505.524341095346,1502.762170547673,26.0
Mantas Bugailiskis,1500.2498190750985,1500.1249095375492,1500.1249095375492,26.7
Bjorn Fratangelo,1470.281954570307,1457.1325416639202,1474.6205527080854,32.0
Rafael Arevalo,1498.87787482169,1499.626437410845,1499.501437410845,39.7
Marc Lopez,1499.7483470401542,1499.121152238317,1499.623166426157,41.1
Brandon Perez,1497.405595024363,1498.3277975121814,1498.5777975121814,23.6
Filip Misolic,1508.6795022622266,1546.207584967845,1518.295695743357,22.1
Yusuke Takahashi,1498.976555210078,1499.488277605039,1499.488277605039,25.9
Eric Quigley,1498.9907685704213,1499.4953842852105,1499.4953842852105,34.0
Ayed Zatar,1499.246896319208,1498.8685229984335,1499.3718064392137,29.4
Jakub Mensik,1500.0,1500.0,1500.0,17.9
Nicolas Kicker,1477.452603196436,1460.1467345762367,1477.925603978491,34.5
Karim Mohamed Maamoun,1496.8680092830277,1493.37876867461,1496.748925985879,32.4
Brandon Nakashima,1701.483067881482,1658.7559090561533,1676.9575864382896,21.6
Cole Gromley,1497.952422407802,1498.976211203901,1498.976211203901,23.5
Daniels Tens,1494.9202891800508,1497.4601445900253,1497.4601445900253,18.0
Marco Cecchinato,1395.8736573945232,1495.7309685025823,1443.5756674390102,30.5
Jose Rubin Statham,1493.5092561504875,1495.5419336423327,1493.1165447765097,37.3
Go Soeda,1485.2180083478809,1490.4726767127345,1489.9853504469916,38.4
Aqeel Khan,1500.2831614626875,1499.6574675031954,1499.1952498835456,43.6
Nick Hardt,1499.5403664282444,1499.7701832141224,1499.7701832141224,22.9
Jan Hajek,1496.0064720923228,1498.0032360461616,1498.0032360461616,39.4
Facundo Arguello,1492.3180462382556,1486.6495156877618,1492.3160741792099,34.9
Jaume Munar,1474.6918511183583,1551.3268468510087,1483.5893002139128,25.9
Mackenzie Mcdonald,1571.2117611436988,1540.4881627257068,1514.1643926191452,28.0
Franco Agamenone,1514.561321655335,1529.12264331067,1514.561321655335,30.2
Jerzy Janowicz,1497.8563215328682,1493.9493139354279,1499.468821535928,32.3
Pedro Martinez,1421.5805210871179,1457.156050082847,1440.8547694380982,25.9
Constantinos Ioannides,1499.875,1499.75,1499.875,27.8
Stefan Kozlov,1473.8940765246905,1473.3340209949215,1450.1370266529063,24.9
Juncheng Shang,1447.2642995750975,1458.3859544210047,1468.5500846653674,18.1
Mohsen Hossein Zade,1499.1250909169487,1499.3754503058972,1499.5001804076153,32.4
Gonzalo Escobar,1499.1088859977115,1497.842097997777,1498.9836613318294,34.1
Marco Trungelliti,1431.567558158707,1461.6096502785667,1450.2370460289078,35.2
Lucas Andriamasilalao,1499.749638922192,1499.874819461096,1499.874819461096,25.6
Yuki Bhambri,1465.42256680784,1479.0671247770663,1479.9482899533489,31.5
Jordi Munoz Abreu,1498.3767988954614,1498.626907340087,1499.0012354118496,36.1
Max Purcell,1462.0351803580115,1462.8820298994501,1473.034455843526,24.9
Sanam Singh,1499.75,1499.875,1499.875,35.2
Ainius Sabaliauskas,1504.5020683228568,1502.2510341614284,1502.2510341614284,20.1
Nam Hoang Ly,1500.0008056153579,1499.6249966848548,1499.8752674334041,29.0
Maks Kasnikowski,1500.4992732151622,1500.2496366075811,1500.2496366075811,19.6
Andrea Collarini,1495.0,1490.0,1495.0,31.4
Amir Hossein Badi,1499.5,1499.75,1499.75,24.1
Enzo Couacaud,1461.77857744318,1469.5817423592357,1454.7230433265183,27.8
Simon Carr,1498.997027055031,1499.4985135275156,1499.4985135275156,23.8
J J Wolf,1614.9390244536573,1561.1350337275521,1558.69135272707,24.2
Jabor Al Mutawa,1496.975536481831,1498.4877682409156,1498.4877682409156,28.6
Jan Zielinski,1486.4305001702646,1493.2152500851323,1493.2152500851323,26.1
Ivan Endara,1499.495943470821,1499.3662415924139,1499.6207283544118,36.9
Andrey Golubev,1480.5923898987098,1484.750438441077,1486.5363561089348,35.7
Wai Yu Kai,1498.9957045978613,1499.4978522989306,1499.4978522989306,21.9
Lukas Lacko,1468.151018951084,1481.889196925094,1484.5648630838723,35.6
Filip Krajinovic,1569.3765395399769,1624.4220856543761,1589.658236518035,31.1
Ethan Quinn,1500.0,1500.0,1500.0,19.4
Miguel Angel Este,1500.1252693488045,1499.8754039742962,1500.0002244410337,24.3
Arthur De Greef,1498.1219199986003,1496.6396869448774,1498.253868981159,32.8
Jerome Kym,1502.5,1501.25,1501.25,20.5
Aljaz Radinski,1500.25,1500.125,1500.125,28.0
Thien Nguyen Hoang,1499.500712426068,1499.750356213034,1499.750356213034,28.8
Justin Barki,1499.9455832481642,1499.972791624082,1499.972791624082,23.3
Nenad Zimonjic,1499.4953515226734,1499.7476757613367,1499.7476757613367,46.8
Zhizhen Zhang,1482.217221176211,1485.916895692345,1475.938932871694,26.5
Guilherme Clezar,1493.6730084482115,1491.4825760668002,1495.051861505004,30.1
Lleyton Hewitt,1496.562252271584,1494.720672968194,1498.0582741037588,41.8
Daniel Munoz de la Nava,1491.626727966336,1489.0947700098,1493.5738326587118,41.1
Juan Borba,1499.4953174496627,1498.9906348993256,1499.4953174496627,32.4
Joaquin  Aguilar Cardozo ,1500.0,1500.0,1500.0,18.4
Learner Tien,1482.506300834037,1491.2531504170186,1491.2531504170186,17.7
Filippo Volandri,1487.760583673863,1483.9574346171735,1489.2753488050325,43.6
Laslo Djere,1488.1542613113845,1562.66946902757,1475.5553472421611,27.8
Guido Pella,1455.2752479622527,1459.857279625406,1451.4204264952316,32.8
Andrei Ciumac,1499.749632825332,1499.874816412666,1499.874816412666,37.4
Vladyslav Manafov,1499.7494440535606,1499.8747220267803,1499.8747220267803,30.3
Diego Fernandez Flores,1502.4820048903887,1504.9640097807774,1502.4820048903887,22.3
Pablo Nunez,1499.5003595847907,1499.7501797923953,1499.7501797923953,31.8
Peter Torebko,1498.9010977617727,1497.8021955235454,1498.9010977617727,35.4
Kacper Zuk,1468.3492472419018,1476.283488784666,1481.5442453421892,25.9
Christopher Eubanks,1478.0160654033084,1489.506259674708,1490.5027136208166,27.0
Alberto Emmanuel Alvarado Larin,1497.2542369576372,1498.6271184788184,1498.6271184788184,28.2
Gleb Sakharov,1493.9903371020434,1497.0985422848084,1497.0296264622839,36.5
Mattia Bellucci,1500.0,1500.0,1500.0,21.6
Jiri Vesely,1488.8165139314115,1424.7735345159404,1517.9410000712974,30.1
Nikola Mektic,1497.864577459687,1498.1657587610332,1498.67677874024,37.8
Jonathan Eysseric,1498.96028731354,1499.48014365677,1499.48014365677,33.2
Frederico Ferreira Silva,1470.2247875698129,1482.6171950145301,1484.2806608614476,28.8
Patrick Kaukovalta,1500.0,1500.0,1500.0,24.9
Hong Chung,1499.875,1499.875,1499.75,30.1
Evgenii Tiurnev,1488.9338399604915,1494.4669199802458,1494.4669199802458,26.5
Arthur Cazaux,1489.017030972099,1478.0340619441981,1489.017030972099,22.7
Pablo Llamas Ruiz,1500.0,1500.0,1500.0,20.6
Alex Kuznetsov,1494.0229706723196,1496.0269743998351,1494.057952527187,38.4
Steve Darcis,1483.6320962848567,1484.5362033115873,1486.268568694196,38.8
Siim Troost,1497.5,1498.75,1498.75,23.7
Jose Hernandez,1498.6150986013743,1496.113212590313,1498.2427703972294,33.9
Alexandar Lazarov,1489.9895270665265,1498.8288297537256,1496.2727856067509,26.3
Murkel Alejandro Dellien Velasco,1490.051720617875,1494.8952104942857,1494.9823103707204,26.9
Adrian Bodmer,1498.9754490843868,1499.4877245421933,1499.4877245421933,27.9
Lucas Miedler,1496.0349826253673,1496.5203490081399,1497.5184438778358,27.1
Ali Ghareeb,1499.6249549952768,1499.6251798246972,1499.7500449399913,36.9
Yassine Idmbarek,1499.2363144271226,1498.8560189042087,1499.3641111104437,36.5
Andy Murray,1606.21015867374,1624.6665642142318,1620.710951464736,35.9
Pedja Krstin,1498.1937491873184,1499.316235873414,1499.169995020244,28.7
Reilly Opelka,1632.0757055051588,1533.9132151772367,1514.1647020528096,25.6
Muhammad Shoaib,1494.8740251945853,1492.3026781645315,1492.319397419225,21.5
Muzammil Murtaza,1493.8198822422669,1489.1379655911715,1492.3216811356288,23.8
Artem Smirnov,1498.4585151163262,1498.8490150165492,1499.1025100442919,34.9
Mike Urbanija,1499.243416318809,1499.6217081594043,1499.6217081594043,33.2
John Morrissey,1500.0003597786724,1500.000179889336,1500.000179889336,30.4
Mohammad Ghareeb,1500.7491452252987,1500.7488297782556,1500.4993250011848,42.5
Fritz Wolmarans,1500.2445290464473,1500.1222645232235,1500.1222645232235,36.9
Ruben Ramirez Hidalgo,1498.4979881564682,1496.9959763129366,1498.4979881564682,45.2
Michael Berrer,1490.961693500862,1488.8064251610779,1491.2667616132264,42.7
Fajing Sun,1500.0,1500.0,1500.0,26.9
Pruchya Isarow,1500.7388419407919,1500.369420970396,1500.369420970396,27.9
Viktor Troicki,1463.8083428760206,1473.8155090531957,1479.9496316818959,37.3
Jirat Navasirisomboon,1500.249461099188,1499.3745979936637,1499.8746863642841,28.2
Skyler Butts,1500.5,1500.25,1500.25,29.3
Martin Vaisse,1499.4928873178046,1498.9857746356095,1499.4928873178046,35.7
Bjorn Phau,1500.9769859267676,1500.488492963384,1500.488492963384,43.3
Janko Tipsarevic,1479.789913260965,1481.7363203609734,1482.375545130647,38.7
Johannes Ingildsen,1499.763666229641,1498.4863750691486,1495.695458977805,26.1
Strong Kirchheimer,1500.0,1500.0,1500.0,28.3
Bradley Klahn,1451.4919566448536,1467.7558395421238,1467.21743440276,36.9
Genaro Alberto Olivieri,1500.0,1500.0,1500.0,24.8
Florin Mergea,1499.7848400626754,1499.8924200313377,1499.8924200313377,38.4
Kevin Cheruiyot,1499.5,1499.75,1499.75,25.0
Edris Fetisleam,1500.5,1500.25,1500.25,23.6
Dennis Novikov,1495.1362088886303,1497.0823487462771,1496.1108373502007,29.6
Tommy Paul,1724.343474187189,1575.9182939823934,1670.0891089604488,25.8
Hugo Dellien,1431.834826010964,1432.5515722373423,1436.0699116327073,29.7
Youssef Hossam,1500.4978423664636,1500.248921183232,1500.248921183232,24.8
James Mcgee,1495.9224618231638,1497.9612309115819,1497.9612309115819,38.2
Markos Kalovelonis,1499.8769585123448,1499.7539170246894,1499.8769585123448,28.8
Antoine Hoang,1464.393516643106,1483.6158322984475,1484.2917672601002,27.8
Olaf Pieczkowski,1509.9209571406748,1504.9604785703375,1504.9604785703375,19.4
Benoit Paire,1359.6583934377245,1311.8397612260346,1350.9127393844778,34.8
Igor Sijsling,1476.3018902234019,1478.6517440506689,1479.9333768355257,35.7
Joris De Loore,1497.6092331116618,1497.3843581008068,1498.3311970708228,31.9
Hady Habib,1510.1627248249583,1502.4469692767611,1504.2032313672398,25.0
Nikoloz Basilashvili,1411.9090048848905,1445.261321440197,1490.9932665813083,30.9
Kevin Krawietz,1500.0165715798557,1500.0165715798557,1500.0331431597117,31.4
Kristjan Tamm,1498.221811586964,1494.947860580419,1497.7232240557944,27.2
Lukas Klein,1463.679355689757,1465.7499328998451,1447.3707828851047,26.9
Hicham Khaddari,1499.3734144817488,1498.7468289634978,1499.3734144817488,31.6
Bu Yunchaokete,1497.4634625253354,1494.9269250506711,1497.4634625253354,21.7
Grega Zemlja,1499.395813181088,1499.5330225285031,1499.6429452365303,36.5
Dimitri Badra,1497.490675237858,1498.7453376189292,1498.7453376189292,22.1
Niels Desein,1497.4725458964388,1498.4791357966526,1497.9648614935186,36.0
Muhammad Althaf Dhaifullah,1499.4992810271344,1499.7496405135673,1499.7496405135673,22.1
Guillermo Garcia Lopez,1472.2145124297667,1487.1320735734437,1481.3305946203552,39.8
Andrey Rublev,1815.607234361634,1724.7666793135368,1688.3079070939864,25.5
Mate Delic,1495.9245906187737,1495.5194052208108,1497.1479986131944,30.4
Gerardo Lopez Villasenor,1479.257568697667,1486.1612916413799,1488.4729534463488,29.3
Darian King,1508.0271095134583,1504.1839195987247,1504.0703430373942,32.3
Tihomir Grozdanov,1500.3749550276368,1500.3749100552736,1500.2499550276368,36.2
Germain Gigounon,1499.045579898851,1498.0911597977022,1499.045579898851,34.0
Dzmitry Zhyrmont,1499.5333243092016,1499.0924489888635,1499.5419244326883,36.9
Dac Tien Nguyen,1499.7501798898013,1499.8750899449005,1499.8750899449005,24.5
Nicolas Alvarez Varona,1498.502987937923,1484.1861551437646,1494.2297143605624,22.3
Roey Tabet,1498.75,1497.5,1498.75,21.7
Harshana Godamanna,1500.6238712950624,1500.4990988882794,1500.3743233944472,37.3
Sergio Galdos,1500.0,1500.0,1500.0,33.0
Maxime Teixeira,1499.5014944342001,1499.0029888684003,1499.5014944342001,34.5
Maxime Cressy,1537.2438810506098,1489.5176676080919,1607.513801656799,25.9
Evan King,1496.0631023530568,1498.0315511765286,1498.0315511765286,31.9
Ti Chen,1499.997868233186,1500.3746761416985,1500.1241814582947,39.3
Tom Kocevar Desman,1500.2545001322019,1502.007652084455,1500.7540507388856,33.1
Anoosha Shahgholi,1499.3754949219665,1499.5003146284957,1499.625269850154,41.2
Albert Montanes,1492.4599708026149,1494.8065373687934,1494.4218463041857,42.4
Federico Zeballos,1494.0111877777588,1495.8805575335723,1496.630581770444,38.2
Reda El Amrani,1499.50729117592,1499.0145823518405,1499.50729117592,34.8
Sam Querrey,1363.9579192927827,1416.8687089678315,1446.3358709839695,35.4
Jan Satral,1499.313285265019,1498.9280483312266,1499.413777865415,33.5
Philip Wilbert Major,1499.5003519778804,1499.7501759889403,1499.7501759889403,26.9
Sebastian Dominguez,1499.4898295102155,1499.7449147551076,1499.7449147551076,21.2
Jurij Rodionov,1488.058785402382,1500.208735733167,1487.0935997355207,23.8
Theodoros Angelinos,1499.8749998717706,1499.7499997435411,1499.8749998717706,38.8
Adrien Bossel,1498.8728535144755,1498.9901673047957,1498.6124667194176,36.0
Felipe Meligeni Alves,1485.5192564718818,1479.7211003466405,1488.4134522728407,25.0
Grigor Dimitrov,1624.3875554154602,1626.6165370337671,1554.5991208744629,31.9
Edan Leshem,1487.6437614911156,1493.9935842968953,1493.8791152626702,26.5
Rhyne Williams,1496.561224284347,1497.5327376933274,1498.031320659225,32.7
Warit Sornbutnark,1499.4966037648942,1499.7483018824473,1499.7483018824473,30.0
Adolfo Daniel Vallejo,1498.9971189785283,1497.9942379570564,1498.9971189785283,20.3
Frederik Nielsen,1501.661241069883,1501.018120534942,1500.893120534942,39.5
Laurent Lokoli,1494.006756610885,1494.034387391924,1496.013714667603,28.2
Geoffrey Blancaneaux,1447.251021484409,1448.1969122972346,1465.1493112605478,24.4
Nicolae Frunza,1499.4980251050943,1499.7490125525471,1499.7490125525471,25.2
Gael Monfils,1684.91116490576,1577.8709750488904,1571.664624355323,36.7
Manuel Sanchez,1500.2490646801966,1500.1209744773425,1500.1233463858464,33.1
Roberto Quiroz,1494.1249887949425,1496.7614692775157,1495.5539329636358,32.0
Sergey Fomin,1497.6260674002988,1498.8130337001494,1498.8130337001494,22.9
Jose Olivares,1499.625403775997,1499.2506729738782,1499.625358916625,29.0
Lorenzo Giustino,1485.6940771928716,1491.064389246966,1492.2528221466125,34.6
Bruno Britez,1499.750269319962,1499.8751349568263,1499.8751347589296,24.6
Nuno Borges,1502.4182708099913,1474.8980760626794,1469.4930230380724,26.1
Jan Lennard Struff,1446.974474825431,1495.7124547644987,1454.135401755533,32.9
Borna Gojo,1470.4079314519358,1488.933688855372,1486.447206769103,25.1
Henri Laaksonen,1364.968745695866,1413.0384853704202,1404.6703929851099,31.0
Stylianos Christodoulou,1497.4806494517,1494.9612989034,1497.4806494517,18.3
Francesco Maestrelli,1486.386390706165,1493.1931953530825,1493.1931953530825,20.8
Dalibor Svrcina,1500.0,1500.0,1500.0,20.2
Zsombor Piros,1502.2980513412779,1499.5274185751596,1500.6084899721457,24.0
Paolo Lorenzi,1456.917451451541,1455.2133690296216,1454.1613676660659,42.5
Francisco Llanes,1499.1682370205144,1498.3364740410286,1499.1682370205144,24.4
Sanjar Fayziev,1494.5742543621006,1496.9164806695046,1496.668386310216,28.5
Otto Virtanen,1495.9397986228305,1497.9683045759052,1497.9693677329121,22.2
Dominic Stricker,1576.4759741612859,1544.5812394557722,1552.7267510376873,21.0
Marius Copil,1461.5742482060834,1454.6228432380199,1465.7055268115507,33.9
Sheil Kotecha,1499.5017963006683,1499.750898150334,1499.750898150334,22.9
Dmitrii Baskov,1499.7499992759913,1499.8749996379956,1499.8749996379956,28.5
Mazen Osama,1500.2496404802087,1500.1248202401043,1500.1248202401043,28.1
David Vega Hernandez,1499.4793988154288,1498.9587976308578,1499.4793988154288,28.8
Nicolas Mahut,1498.2441502847523,1497.1153859732322,1506.5115161926697,41.0
Omni Kumar,1500.0,1500.0,1500.0,21.8
Michael Bassem Sobhy,1494.9927295622574,1497.4963647811287,1497.4963647811287,19.3
Marat Deviatiarov,1500.2499997412115,1500.1249998706057,1500.1249998706057,29.4
Andrew Harris,1497.7025347026074,1498.8512673513037,1498.8512673513037,28.9
Daniel Kosakowski,1498.9971864429242,1499.498593221462,1499.498593221462,31.0
Ulises Blanch,1496.0500215021036,1498.0250107510517,1498.0250107510517,25.4
Andrew Whittington,1499.237598516036,1499.1122927515007,1498.099279738466,29.4
Sharmal Dissanayake,1499.5017892305484,1499.377508290197,1499.6264325069153,28.8
Emilio Gomez,1409.5117052952664,1451.82337371977,1453.7783596716788,31.3
Ilija Bozoljac,1499.7571688166438,1499.8785844083218,1499.8785844083218,37.4
Sekou Bangoura,1498.9860057907886,1499.4930028953943,1499.4930028953943,31.7
David Guez,1495.0273944116575,1497.513697205829,1497.513697205829,40.1
Lukasz Kubot,1492.0587863819642,1494.184734979145,1496.1642541486897,40.6
Skander Mansouri,1492.614121416543,1496.3070607082716,1496.3070607082716,28.0
Tristan Lamasine,1496.902682260417,1497.2661957951564,1496.7740569846283,29.8
Roberto Cid,1498.1653271456219,1498.5340994384562,1498.8998088613591,30.0
Kyle Edmund,1506.6766097456673,1506.1173548144088,1502.0389683445453,29.2
Corentin Moutet,1655.2962348059214,1579.848785015077,1573.01922366505,24.1
Mattias Siimar,1497.1239097303653,1498.5619548651825,1498.5619548651825,25.6
Denis Shapovalov,1711.3458924138936,1587.6852097543187,1605.1865747409352,24.0
Pablo Cuevas,1439.602770892559,1475.0079495748187,1451.0435774662099,37.3
Amr Elsayed Abdou Ahmed Mohamed,1497.1407878718683,1502.3494197583843,1499.8300692100843,25.5
Rafa Orantes,1499.75,1499.875,1499.875,28.3
Julian Lenz,1497.4435239922177,1497.5242827876082,1498.322602259942,30.5
Ramkumar Ramanathan,1401.4028731535743,1454.700196138987,1463.7070707759126,29.1
David Souto,1499.770283404198,1499.164758179967,1499.6450138613882,34.0
Altug Celikbilek,1516.9915535199227,1502.4961925836299,1500.375519559688,27.0
Seong Chan Hong,1465.4124569336816,1482.5187116152524,1482.1441240382362,26.1
Andrej Martin,1444.4980937973714,1458.035480066999,1467.3560387171513,34.3
Camilo Ugo Carabelli,1506.2049392689846,1512.4098785379692,1506.2049392689846,23.6
Manas Dhamne,1500.0,1500.0,1500.0,15.0
Gabor Borsos,1499.3969489104193,1499.323676289705,1499.5735417333747,35.5
Jenson Brooksby,1601.2971390572716,1489.7305441591122,1539.3001926392344,22.2
Sam Barry,1498.7507983368519,1499.375399168426,1499.375399168426,31.0
Pablo Andujar,1485.634664432185,1442.5248460570629,1454.8234663380915,38.2
Alexander Sarkissian,1486.9607269913956,1493.4803634956975,1493.4803634956975,38.2
Nikola Milojevic,1458.59480082276,1472.542464139716,1477.0457549874918,27.6
Hao Sheng Koay,1499.7498199803508,1499.8749099901754,1499.8749099901754,24.5
Ricardo Ojeda Lara,1501.1538885979987,1499.2048150912055,1500.1195678964016,29.9
Wayne Odesnik,1493.6533835485307,1496.5827634363882,1496.0949067606336,37.1
Federico Delbonis,1320.0604896452226,1440.2692287390553,1376.1267632377107,32.3
Peter Gojowczyk,1379.9328981951082,1381.68969355941,1417.8340558297555,33.7
Lucas Pouille,1448.1454074671092,1409.9912358035936,1446.6004623014244,29.2
Alexis Galarneau,1484.380830135495,1489.948554280727,1491.4431281387406,24.5
Kimmer Coppejans,1456.80028978014,1471.962326030077,1475.5790596828408,29.6
Teymuraz Gabashvili,1479.4741059618843,1486.009972350994,1483.9091071657792,39.0
Yasitha De Silva,1499.251167468029,1498.5023349360583,1499.251167468029,27.6
Yoshihito Nishioka,1622.021128380039,1551.543196223261,1525.015668997587,27.5
David Ferrer,1541.7128999674203,1542.2118187252017,1522.5814966868838,41.0
Ricardas Berankis,1517.324173179156,1467.868668262859,1504.7719730244612,33.9
Alex Michelsen,1500.0,1500.0,1500.0,19.0
Julian Saborio,1498.9919081806427,1499.4959540903214,1499.4959540903214,26.3
Mili Poljicak,1489.2602515994058,1478.5205031988119,1489.2602515994058,19.0
Sasi Kumar Mukund,1497.8304751384421,1498.915237569221,1498.915237569221,25.9
Filip Cristian Jianu,1497.405710322547,1498.7028551612736,1498.7028551612736,23.9
Alan Fernando Rubio Fierros,1497.1168457654885,1494.233691530977,1497.1168457654885,24.6
Danylo Kalenichenko,1499.7452291409802,1499.87261457049,1499.87261457049,29.6
Mubarak Shannan Zayid,1487.20041775225,1493.600208876125,1493.600208876125,27.9
Horacio Zeballos,1485.7113578917847,1489.5792722129934,1486.8779137310896,38.3
Michael Llodra,1497.0313510917701,1497.0311601201695,1498.0208370706464,42.9
Philip Davydenko,1500.0044319211413,1500.0088638422826,1500.0044319211413,30.8
Jan Choinski,1499.4909576950536,1499.4909576950536,1498.9819153901074,27.0
Aslan Karatsev,1413.773606789958,1422.7259599534473,1433.1050833281602,29.6
Bar Tzuf Botzer,1499.0021732874084,1499.501086643704,1499.501086643704,28.9
Emil Ruusuvuori,1624.0986501259135,1529.8232553598052,1543.2870502236276,24.0
Illia Biloborodko,1494.5703811746905,1497.0972364504296,1497.2225392083733,22.3
Oleksii Krutykh,1500.0,1500.0,1500.0,23.5
Ognian Kolev,1499.5005396679155,1499.750269833958,1499.750269833958,43.8
Jie Cui,1500.0,1500.0,1500.0,25.6
Minh Quan Do,1499.999820110664,1499.9999100553318,1499.9999100553318,39.2
Karlis Ozolins,1499.339736807211,1499.6698684036055,1499.6698684036055,21.2
Fabio Fognini,1496.5181840545645,1518.9722312883223,1494.1000298230333,35.8
Matteo Arnaldi,1441.3293372076014,1459.1147090988477,1466.8146821021496,22.1
Marcel Granollers,1466.766080113474,1481.2191615606325,1486.214296594209,37.0
Amer Naow,1499.5020690591173,1499.7510345295586,1499.7510345295586,28.1
Daniel Gimeno Traver,1481.3544336785574,1486.8201094440165,1484.2683327565628,39.7
Quentin Halys,1337.9881880200833,1387.1822393910684,1398.162366051766,26.4
Gianluca Mager,1428.0703244668473,1458.4692131726397,1462.7531819429275,28.1
Chris Rodesch,1500.0,1500.0,1500.0,22.1
Minhtuan Pham,1499.5014323620157,1499.7507161810079,1499.7507161810079,29.3
Viacheslav Bielinskyi,1494.6167864116276,1497.308393205814,1497.308393205814,19.7
Andrej Nedic,1500.0,1500.0,1500.0,18.9
Alberto Lim,1499.8142386300365,1499.6260442385453,1499.8134276228607,25.7
Mohamed Safwat,1479.0669430722276,1494.4771635707102,1491.172685004337,32.9
Daniel Brands,1487.0840741108318,1488.6594133622532,1488.771238382781,35.5
Pedro Sakamoto,1499.0070088202776,1498.0140176405553,1499.0070088202776,29.6
Ye Cong Mo,1500.0,1500.0,1500.0,23.2
Mirza Basic,1469.6807844337102,1478.2532077538835,1478.8476363901275,32.5
Marinko Matosevic,1488.5762324671853,1488.270477756598,1491.7115732049172,37.6
Manuel Guinard,1507.442037546386,1490.4590735165166,1499.3003703543006,27.4
Daniel Garza,1499.5345360282392,1499.7672680141195,1499.7672680141195,37.8
Jorge Aguilar,1500.3750449723632,1500.3750899447264,1500.2500449723632,38.2
Alexios Halebian,1498.9515110869586,1499.4757555434792,1499.4757555434792,29.1
Tegar Abdi Satrio Wibowo,1494.94204583018,1497.47102291509,1497.47102291509,20.5
Tucker Vorster,1500.743102718163,1500.3711499951446,1500.3714175711027,34.8
Andreas Bjerrehus,1499.7489694291316,1499.8744847145658,1499.8744847145658,31.2
Inigo Cervantes Huegun,1489.4097466165495,1488.2286621763985,1490.6580543865232,34.2
Miomir Kecmanovic,1679.366996703286,1621.6804939964854,1598.0568600260924,23.6
Nour Nehme,1499.7498199801184,1499.8749099900592,1499.8749099900592,25.6
Giovani Samaha,1499.8750898154601,1499.75017963092,1499.8750898154601,28.9
Alexandros Skorilas,1502.5,1501.25,1501.25,25.4
Artem Dubrivnyy,1497.999560936772,1498.999780468386,1498.999780468386,24.7
Gilles Kremer,1499.6349201593055,1499.644840318611,1499.7599201593055,41.6
Robert Strombachs,1503.0128915304545,1501.5064457652275,1501.5064457652275,23.9
Louk Sorensen,1499.9991941429632,1499.9983882859262,1499.9991941429632,38.4
Evgeny Donskoy,1422.2026232328378,1446.4274664168377,1441.6996812564748,33.4
Chuhan Wang,1499.7773407000807,1499.8886703500405,1499.8886703500405,32.0
Nick Chappell,1475.4619471533335,1487.7309735766667,1487.7309735766667,30.4
Yi Zhou,1500.0,1500.0,1500.0,18.5
Jeson Patrombon,1498.189803595283,1498.630537503253,1498.940113699512,31.9
Alejandro Davidovich Fokina,1544.1064555522987,1603.843854589119,1543.9715982694117,23.8
Lucas Catarina,1481.816815638081,1471.2011483462097,1484.339321328097,27.0
Juan Martin del Potro,1608.6940708200955,1559.5974155123433,1564.9152034898875,37.3
Karan Rastogi,1500.2498204940373,1500.1249102470188,1500.1249102470188,36.3
Cristian Rodriguez,1500.5,1500.25,1500.25,32.6
Julius Tverijonas,1499.2117006619249,1499.22271983767,1499.4781401665316,28.7
Oriol Roca Batalla,1499.9740149314232,1499.9480298628466,1499.9740149314232,35.0
Alibek Kachmazov,1487.6114712319775,1493.8057356159889,1493.8057356159889,21.1
Fabrice Martin,1498.4528638093586,1498.9762821128672,1498.4759825292433,36.7
Alex Llompart,1500.2497301660537,1500.1248650830269,1500.1248650830269,32.8
Cem Ilkel,1433.299359880234,1457.3841762091597,1460.229387895664,28.2
Brian Shi,1497.9349652777817,1498.9674826388907,1498.9674826388907,22.9
Zura Tkemaladze,1499.5007165230986,1499.7503582615493,1499.7503582615493,22.7
Daniel Elahi Galan,1572.5613320393188,1530.3285479967221,1578.4812187909592,26.7
Thomas Fabbiano,1441.351963097681,1448.0638400668072,1470.503770492255,36.7
Joao Pedro Sorgi,1499.4741192674678,1499.737059633734,1499.737059633734,29.4
Rinky Hijikata,1498.0572841516823,1499.0286420758412,1499.0286420758412,22.2
Hamad Medjedovic,1467.351433872931,1464.9423283752524,1477.431254082728,20.1
Karl Friberg,1500.0,1500.0,1500.0,24.5
Mardy Fish,1498.3352053807419,1499.167602690371,1499.167602690371,41.6
Tomas Machac,1504.8992905623688,1497.0262493540763,1500.6418466388145,22.4
Nik Razborsek,1499.7490660560281,1499.74966362907,1499.499924831182,34.4
Vitaliy Sachko,1485.6566023289693,1475.3499449662272,1487.0021824317323,25.8
Michail Pervolarakis,1442.4623296124512,1467.77594729925,1470.0794256372335,27.5
Christian Harrison,1510.1944955061351,1492.1693647719624,1502.153178637537,29.0
Alexander Kudryavtsev,1494.9404851222357,1496.965122033728,1495.9548809789483,39.1
Gabriel Donev,1499.5,1499.75,1499.75,27.1
Marc Polmans,1443.8808197604194,1472.2828246120387,1472.0083658876051,26.3
Duje Ajdukovic,1493.9831801195614,1487.9663602391229,1493.9831801195614,24.5
Xin Gao,1498.9836370656637,1499.4918185328318,1499.4918185328318,29.3
Luca Van Assche,1486.347973790851,1493.1739868954255,1493.1739868954255,18.9
Leandro Riedi,1484.0904249589237,1468.1808499178474,1484.0904249589237,21.1
Alessandro Bega,1498.9574698745614,1499.4787349372807,1499.4787349372807,32.5
Mikael Ymer,1627.0085428237153,1569.5227936870535,1561.1724112898853,24.6
Juan Carlos Saez,1500.3743256152923,1500.7486512305843,1500.3743256152923,32.1
Roman Safiullin,1569.3474209131614,1545.6714731405182,1538.3396313512264,25.7
Alexander Erler,1499.9082690608589,1499.8165381217177,1499.9082690608589,25.7
Maximo Gonzalez,1491.1031229626608,1489.7337136335955,1493.6122788654186,39.7
Ruben Bemelmans,1476.072102156805,1484.035364799188,1482.0875161002455,35.6
Richard Gasquet,1640.1022302859405,1615.7677096137616,1617.2453007487766,36.8
Hei Yin Andrew Li,1499.7498206270307,1499.8749103135153,1499.8749103135153,25.8
Somdev Devvarman,1491.7140660999519,1492.126777329311,1492.6250023630591,38.8
Alexandar Lazov,1498.6233433868792,1499.1236898996851,1499.2490110955214,33.5
Christian Sigsgaard,1493.7810664228518,1495.4678036756113,1492.6223446039817,27.4
Alexey Vatutin,1477.046697714291,1485.2891694667949,1487.4452890603618,35.4
Nicolai Budkov Kjaer,1500.0,1500.0,1500.0,17.0
Sebastian Korda,1715.1497354788191,1659.0898567959093,1634.073828055702,22.8
Jason Kubler,1508.812920635312,1546.2548266177926,1596.488310266854,29.9
Vasek Pospisil,1521.907495768215,1492.8391407059837,1497.2342345324782,33.2
Daniel Masur,1487.7547100794964,1486.8020606005812,1478.5335073302908,31.6
Franco Roncadelli,1496.5787278680957,1498.2893639340477,1498.2893639340477,23.5
Ayoub Chakrouni,1500.125,1500.25,1500.125,31.8
Gianni Mina,1499.5024774846709,1499.0049549693417,1499.5024774846709,31.2
Tomas Berdych,1586.4286555228282,1556.503952392033,1556.1556557663223,37.4
Carlos Gimeno Valero,1491.7575759509398,1483.5151519018798,1491.7575759509398,21.8
Jonathan Mridha,1499.994795012774,1499.9973975063872,1499.9973975063872,28.4
Andres Molteni,1499.5,1499.0,1499.5,34.9
Sam Groth,1481.7749486267232,1488.2020488058845,1491.5427540059834,35.4
Daniel Rincon,1500.0,1500.0,1500.0,20.2
Kiranpal Pannu,1491.6729243691639,1495.836462184582,1495.836462184582,26.0
Wojciech Marek,1497.496499705437,1498.7482498527183,1498.7482498527183,21.7
Hugo Nys,1495.075376628569,1497.5376883142844,1497.5376883142844,32.5
Stan Wawrinka,1550.9217334586187,1508.0502372878282,1500.7337718146598,38.0
Kevin Anderson,1438.3809484947458,1484.2117335090638,1524.4138260379332,37.1
Treat Conrad Huey,1500.3750000648133,1500.3747302954828,1500.2499101200988,37.5
Francis Casey Alcantara,1500.1246854199792,1500.2493708399586,1500.1246854199792,31.4
Alexandre Muller,1487.6242986856628,1489.2495956990779,1492.291298128247,26.1
Gabi Adrian Boitan,1498.153918487361,1496.3078369747218,1498.153918487361,23.6
Hamid Reza Nadaf,1500.2500895896956,1500.1250447948478,1500.1250447948478,30.1
Isak Arvidsson,1498.9777993449866,1498.7223838333948,1499.2333943927938,30.4
Peter Bothwell,1500.0006001026263,1500.0003000513132,1500.0003000513132,27.3
Jean Andersen,1499.748736772934,1499.874368386467,1499.874368386467,34.7
Illya Marchenko,1480.4131826364194,1479.9817123047394,1471.3554273862546,37.9
Ruan Roelofse,1501.213417074642,1500.6067085373209,1500.6067085373209,33.8
Hasan Ibrahim,1499.751795273881,1499.5035905477619,1499.751795273881,27.5
Dragos Nicolae Madaras,1470.1417136723862,1485.0708568361933,1485.0708568361933,25.8
Aissa Benchakroun,1500.2500899447264,1500.5001798894527,1500.2500899447264,20.9
Joao Souza,1488.579720580608,1484.8274682009271,1489.8130558812124,34.7
Tomas Vaise,1499.500269574059,1499.7501347870295,1499.7501347870295,25.0
Rohan Bopanna,1500.125,1500.125,1500.25,43.3
Hernando Jose Escurra Isnardi,1501.0003600696584,1502.3758548626297,1501.1254049774293,25.7
Matthias Bachinger,1491.6381260469461,1491.8381061733699,1493.4827403354004,37.7
Thehan Sanjaya Wijemanne,1499.7500010381236,1499.5000020762475,1499.7500010381236,19.1
Jurgen Melzer,1492.0173020564318,1496.6242064264593,1495.5887555286545,42.4
Alastair Gray,1500.6602376291398,1500.6602376291398,1501.3204752582794,25.0
Dimitar Kutrovsky,1500.2484339597593,1500.497937155051,1500.2487903716035,36.0
Coleman Wong,1503.4213524743861,1501.710676237193,1501.710676237193,19.2
Mischa Zverev,1460.6025855280352,1469.459300029788,1478.9907275970024,36.5
Ben Patael,1499.5000791353725,1499.3751582707448,1499.6250791353725,25.7
Ching Lam,1499.500735863759,1499.7503679318795,1499.7503679318795,23.4
Juan Ignacio Londero,1432.562291935373,1437.5338802046645,1441.7978563055417,29.7
Mark Chigaazira,1499.5,1499.75,1499.75,24.9
Evan Furness,1486.058631495772,1493.029315747886,1493.029315747886,25.1
Andrei Soltoianu,1499.7498202391894,1499.8749101195947,1499.8749101195947,29.7
Leonardo Mayer,1476.3649233692083,1483.174806257053,1486.778310494286,37.8
Soren Hess Olesen,1499.74945860617,1499.874729303085,1499.874729303085,32.0
Harold Mayot,1496.1106843333146,1494.986120262621,1497.0322681986452,21.7
Mousa Shanan Zayed,1499.0,1499.5,1499.5,28.8
Nikolay Davydenko,1496.0398147048857,1495.0243689673391,1497.0213945574087,41.7
Leo Borg,1480.0932115148357,1490.0466057574179,1490.0466057574179,20.4
Dragos Dima,1500.9962197256002,1500.4981098628,1500.4981098628,30.7
Rodrigo Pacheco Mendez,1478.8960124120417,1489.4480062060209,1489.4480062060209,18.3
Borna Coric,1697.8024003918242,1609.8606002762292,1604.6794763414166,26.4
Matthew Barton,1500.3037975114894,1500.2092834563098,1500.261273327333,31.0
Matteo Donati,1500.0555895532866,1500.1111791065734,1500.0555895532866,28.1
Hazem Naw,1500.0006300748837,1500.000315037442,1500.000315037442,23.1
Mats Moraing,1502.712853992213,1506.4284410291418,1501.7101209474972,30.9
Eero Vasa,1504.704894955844,1502.3524474779222,1502.3524474779222,26.6
Riccardo Bonadio,1500.0,1500.0,1500.0,29.7
Jacob Rasolondrazana,1499.628162100282,1499.6265796649834,1499.7515805884218,38.8
Pedro Sousa,1437.0781288929688,1440.3561585091222,1447.4200092631515,36.8
Dane Sweeny,1499.4743889279478,1499.7371944639738,1499.7371944639738,22.6
Matwe Middelkoop,1500.2485316335471,1500.1242658167737,1500.1242658167737,39.4
Rowland Phillips,1499.2021805412915,1499.151911979219,1499.4513641735034,30.6
Fitriadi M Rifqi,1494.5071955734481,1497.253597786724,1497.253597786724,24.6
William Blumberg,1491.1521117593877,1491.1521117593877,1482.3042235187754,25.4
Louis Wessels,1500.0043515541822,1500.0087031083642,1500.0043515541822,31.8
Thiago Seyboth Wild,1470.7242933800921,1462.2107170802349,1477.6450034867757,23.2
Adrian Andreev,1485.0241000979925,1492.5120500489963,1492.5120500489963,21.6
William Kirkman,1499.75,1499.875,1499.875,25.1
Felix Auger Aliassime,1874.3896905203703,1723.932560709829,1711.1626801090315,22.6
Flavio Cobolli,1469.733104596945,1473.5104273864793,1481.081177327808,20.9
Ignacio Buse,1500.0,1500.0,1500.0,19.4
Bor Artnak,1501.5912759830069,1503.182551966014,1501.5912759830069,20.2
Ergi Kirkin,1497.1408553154063,1498.0483340392825,1497.0041468024408,24.6
Pablo Carreno Busta,1706.4628685413247,1637.9402429468967,1568.2856730215042,31.5
Delmas Ntcha,1494.976949881296,1497.488474940648,1497.488474940648,22.7
Sebastian Ofner,1494.3074655728797,1493.826375478189,1493.7444952820574,27.0
Jurgen Zopp,1495.1053692147707,1498.8808357033377,1496.7051764994321,35.4
Vladimir Ivanov,1497.0482685695652,1498.5241342847828,1498.5241342847828,40.4
Akira Santillan,1496.1005397614897,1496.5077095440827,1497.5220177982624,26.1
Alexander Ritschard,1484.1965627492489,1488.036506786094,1479.4146993689333,29.0
Xavier Lawrence,1499.5,1499.75,1499.75,24.1
Roberto Marcora,1491.1270673440629,1494.7682494708836,1495.2984389383153,34.0
Amir Milushev,1500.0,1500.0,1500.0,17.6
Sebastian Baez,1455.1939428424826,1567.4217651949184,1495.1616671786364,22.2
Egor Matvievici,1499.750179165942,1499.875089582971,1499.875089582971,26.4
Tennys Sandgren,1397.5236301498078,1423.2908867548326,1451.3343314492583,32.6
Tatsuma Ito,1483.0531488437318,1489.6333623491314,1489.6396903226762,34.6
Pedro Cachin,1522.067274892835,1491.7189707672946,1504.5954152200434,28.0
Farrukh Dustov,1497.1387947794913,1496.8989789743216,1496.5245259780481,37.1
Albano Olivetti,1497.5009453338055,1496.5081018821732,1496.0111569048597,33.5
Rafael Nadal,1915.0277380703155,1976.2965427822917,1824.806720789926,36.6
Roberto Carballes Baena,1488.0666099782816,1523.8677288981291,1456.0361857769215,30.0
Ernesto Escobedo,1440.0736967059015,1463.4997217091784,1465.8376893363861,27.1
Dominic Thiem,1678.2396764022626,1598.213988289603,1578.7573532539084,29.6
Edas Butvilas,1492.1363543514965,1494.8122613105425,1492.3004295801306,19.1
Miguel Angel Reyes Varela,1499.2441777959377,1499.622088897969,1499.622088897969,35.7
Lorenzo Musetti,1630.8272093384965,1690.884058127675,1551.7208211650097,21.1
Tao Mu,1500.0,1500.0,1500.0,23.3
Dmitry Tursunov,1483.1884182808406,1487.5145747859872,1486.3394010776597,40.6
Sergiy Stakhovsky,1459.9987805331768,1472.1701745149985,1475.7658540510897,37.0
Lukas Hellum Lilleengen,1494.8421209569997,1497.4210604784998,1497.4210604784998,24.8
Lloyd Harris,1496.218580871925,1428.3244967496614,1471.8698178478194,26.2
Tommy Haas,1487.4088700105192,1490.930024476603,1490.4212475162508,45.0
Aldin Setkic,1498.4649404325323,1498.4995858634957,1498.9881754320093,35.8
Alexander Ward,1497.5482736152123,1497.5482736152123,1495.096547230425,33.1
Rhett Purcell,1500.498208989814,1500.249104494907,1500.249104494907,27.5
Spencer Newman,1499.7504489793323,1499.8752244896662,1499.8752244896662,29.7
Emilio Nava,1432.0548348347513,1466.0274174173755,1466.0274174173755,21.2
Valentin Vacherot,1500.1619374639454,1500.080968731973,1500.080968731973,25.3
Jordan Thompson,1481.0107944009403,1445.2731873364899,1502.3335709913313,29.1
Amine Ahouda,1497.9798536640853,1496.7273926285677,1498.2357487642175,26.5
Brandon Holt,1501.448877863346,1500.724438931673,1500.724438931673,24.7
Alexander Donski,1498.4714696281073,1499.2357348140538,1499.2357348140538,24.5
Lorenzo Sonego,1494.0958211783022,1514.106307612292,1566.3541513615526,27.9
Daniel Glancy,1498.7515201002716,1499.3757600501356,1499.3757600501356,34.2
Phillip King,1499.9994608494746,1499.9997304247372,1499.9997304247372,41.3
Jack Draper,1645.2061349408148,1596.4356061542076,1614.2259614331097,21.2
Chun Hun Wong,1499.002877632686,1499.501438816343,1499.501438816343,27.4
Kamil Majchrzak,1501.0307056282154,1457.6344387408456,1464.8545121859481,27.1
Ignacio Garcia,1498.2525875986528,1499.126293799326,1499.126293799326,27.7
Sumit Nagal,1460.1771824945038,1463.936542323013,1474.7045749391727,25.4
Federico Gaio,1449.1446533636126,1466.5571404612879,1471.9005979416334,31.9
Fernando Verdasco,1375.7696226190976,1423.3633736461015,1399.92834784052,40.4
Aristotelis Thanos,1487.7631919120881,1497.7647263339538,1495.1759727486806,21.8
Francesco Passaro,1465.7142025013866,1471.0460906009298,1478.9200977007722,22.2
Florent Serra,1499.0009277177903,1499.5004638588953,1499.5004638588953,42.5
Mikhail Ledovskikh,1499.4964224394348,1498.9928448788696,1499.4964224394348,36.7
Chieh Fu Wang,1500.2507180227947,1500.1253590113972,1500.1253590113972,29.4
Yannick Maden,1487.3239378081373,1492.410840725997,1489.5157668370703,34.2
Milos Raonic,1625.382381169534,1591.4987082108978,1601.9590514338204,32.4
Jonas Forejtek,1501.8556474712684,1500.9278237356343,1500.9278237356343,22.6
Francisco Yim Kim,1499.7504488174982,1499.875224408749,1499.875224408749,28.3
Andrea Arnaboldi,1487.2081046477824,1489.0584365461152,1489.512963887708,38.0
Eduardo Nava,1488.5012741357718,1494.250637067886,1494.250637067886,26.2
Thiago Agustin Tirante,1494.861152300206,1489.7223046004121,1494.861152300206,22.1
Ji Sung Nam,1458.0754188922156,1479.6750868947163,1480.9498417919333,31.1
Ilya Ivashka,1639.377355450436,1578.4568404988056,1619.1939631419655,29.1
Kasidit Samrej,1509.338135780006,1504.669067890003,1504.669067890003,22.6
Elbert Sie,1499.75,1499.875,1499.875,35.3
Yuichi Sugita,1429.437049192888,1446.0865869296538,1445.5053160314833,34.8
Ante Pavic,1494.848811560398,1494.9417029636095,1495.9750433745423,34.9
Carlos Taberner,1399.7797920833548,1395.8569094549387,1408.476664813575,26.5
Andrey Kuznetsov,1488.047119089791,1470.466010579618,1485.1147067337092,35.4
Matteo Trevisan,1499.4846891498423,1498.9693782996846,1499.4846891498423,33.9
Clay Thompson,1499.4972576370114,1499.4972576370114,1498.994515274023,31.1
Roman Hassanov,1499.5,1499.75,1499.75,26.3
Novak Djokovic,2048.1061011263705,1990.4426435673856,2022.4991269137015,35.9
Carlos Alcaraz,1941.1124965922004,1895.1366590312716,1784.1361258219458,20.0
Lluis Miralles,1497.1220424787505,1498.5610212393753,1498.5610212393753,22.3
Hong Kit Jack Wong,1499.4295994892266,1499.7147997446136,1499.7147997446136,26.0
Freddy Murray,1500.0,1500.0,1500.0,20.1
Daniil Medvedev,1840.5025102488949,1692.934052195364,1707.6261865543765,27.1
Sebastian Dominko,1496.2675452244112,1492.535090448822,1496.2675452244112,19.7
Aleksandar Kovacevic,1548.3345144479315,1524.1672572239654,1524.1672572239654,24.5
Kevin King,1484.9722577931448,1491.9961680401793,1491.0162463273932,33.8
Jimmy Wang,1496.8573107907312,1498.6811741379533,1499.1862116231298,38.5
Daniil Ostapenkov,1500.0269045774849,1500.8056846724508,1500.2775297499786,20.3
Jan Mertl,1500.2658040684023,1500.1620944224185,1500.1426328302737,41.5
Alex Knaff,1499.3757593685734,1499.5004471428313,1499.625402170468,25.7
Maxime Hamou,1497.5695801406368,1495.1391602812737,1497.5695801406368,27.9
Cameron Norrie,1702.9190574748766,1708.9629912394146,1722.1414289866811,27.6
Palaphoom Kovapitukted,1499.7539486756486,1500.2517059583427,1500.001884877997,23.3
Mauricio Echazu,1500.244597785727,1500.490283333077,1500.2449603729344,36.0
Finn Tearney,1497.9461025576895,1498.9730512788444,1498.9730512788444,32.4
Alex Bolt,1429.242472394675,1461.9385062683516,1456.573046410381,30.6
Filippo Baldi,1497.0022711547626,1494.004542309525,1497.0022711547626,27.2
Antoine Bellier,1527.4280891544695,1523.7371839335547,1548.2909776617291,27.3
Juan Carlos Ramirez,1499.9999550276368,1499.9999100552736,1499.9999550276368,34.3
Malek Jaziri,1427.2975708242511,1459.167180707114,1449.5288403394384,40.1
Maxime Janvier,1491.7806435017533,1486.7070351265988,1492.8292262094506,26.9
Marc Andrea Huesler,1557.5232985718449,1500.0425170664341,1481.159125971065,26.8
Zdenek Kolar,1493.2584078635314,1504.4200402978074,1475.3551832927874,26.6
Daniel Smethurst,1499.0143079262434,1499.0143079262434,1498.028615852487,32.6
Sebastian Arcila,1499.5002697652492,1499.7501348826245,1499.7501348826245,26.5
Isaac Becroft,1496.6712433388436,1498.3356216694217,1498.3356216694217,22.8
Collin Altamirano,1496.0,1498.0,1498.0,27.7
Matheus Pucinelli De Almeida,1499.7077730319286,1499.4155460638572,1499.7077730319286,21.8
Andreas Beck,1494.9729180367915,1494.5393790532019,1496.5040990299979,37.2
Romain Arneodo,1500.6195865836603,1500.4949485177247,1500.3715117004617,32.4
Philip Henning,1500.457433854095,1496.3946507065853,1498.95069485356,23.8
Filip Horansky,1492.1140353661244,1482.976831555569,1490.3255047740556,30.1
Jannik Sinner,1786.4609903868825,1790.615174497714,1732.511760251699,21.6
Ricardo Rodriguez,1499.859635023762,1499.7688214030165,1499.8761521422598,33.3
Yann Marti,1499.4966781335788,1498.9933562671572,1499.4966781335788,37.1
Philipp Kohlschreiber,1481.6694184152975,1494.6039119944155,1485.730272727453,39.5
Philip Bester,1498.9023675445046,1499.2808360939935,1499.3944012128327,34.3
Alexander Cozbinov,1493.8640799860307,1496.9320399930152,1496.9320399930152,27.6
Luis David Martinez,1500.3679279577702,1499.9966658308526,1500.1215312628744,33.8
Ivan Gakhov,1489.740788100012,1479.481576200024,1489.740788100012,26.4
Yong Kyu Lim,1500.4979026990443,1500.2487875823572,1500.2484600480277,32.0
Miguel Gallardo Valles,1499.999639698961,1499.9998198494804,1499.9998198494804,41.9
Andre Ghem,1498.9989890020136,1497.997978004027,1498.9989890020136,41.1
Alexander Shevchenko,1452.6069846547084,1462.9564499345236,1471.8544781964108,22.3
Pavel Kotov,1458.2207994618097,1460.9645364339713,1473.0617786319274,24.4
Marin Draganja,1499.7529602162194,1499.8764801081097,1499.8764801081097,32.3
Alex De Minaur,1753.4702832059477,1628.705324621536,1682.9932376459951,24.1
Nicholas David Ionel,1500.378033630592,1500.7560672611835,1500.378033630592,20.9
Enrique Lopez Perez,1499.5136792418812,1499.0273584837626,1499.5136792418812,32.1
Diego Galeano,1499.875,1499.75,1499.875,30.9
Ariel Behar,1499.499999935233,1499.7499999676165,1499.7499999676165,33.2
Aljaz Bedene,1407.0310263373901,1467.6249923829207,1412.9353810750126,33.7
Ivo Karlovic,1472.436749780902,1480.557175951953,1488.2455329511472,43.8
N Vijay Sundar Prashanth,1498.9886559827773,1499.4943279913887,1499.4943279913887,36.1
Peter August Anker,1499.5,1499.75,1499.75,23.6
George Loffhagen,1500.0,1500.0,1500.0,22.2
Albert Ramos,1460.3782840602714,1578.4090950202794,1461.9185130115804,35.2
Jiri Lehecka,1497.7829886350924,1465.4146712777645,1462.6510624900168,21.5
Nutthanon Kadchapanan,1500.2498201105707,1500.1249100552852,1500.1249100552852,29.6
Maximilian Marterer,1418.6644337881266,1431.3282912322745,1452.156012587844,27.5
Diego Schwartzman,1526.0525868105954,1618.6698229312576,1501.2986400705113,30.6
Dawood Sayed Hashim,1499.8749998706987,1499.7499997413977,1499.8749998706987,26.6
Holger Rune,1886.3790085680228,1780.9815432873213,1660.912024495672,19.9
Cayetano March,1495.3309327273898,1497.665466363695,1497.665466363695,25.6
Daniel Evans,1666.6849110360592,1536.1331307882206,1552.6219993087122,32.9
Viktor Durasovic,1432.437524032311,1465.8444364609677,1466.093986831093,26.4
Brydan Klein,1495.4740895079942,1495.9922812004593,1492.5027540933838,33.0
Lukas Mugevicius,1499.6218495294393,1499.9986943569481,1499.8735146287956,28.3
Andreas Haider Maurer,1474.8779582995896,1473.6484989099233,1479.099428430294,38.9
Lucas Gomez,1490.72830339924,1495.1923990975508,1495.3069008322636,28.0
Andres Artunedo Martinavarro,1498.9971300607062,1499.4985650303531,1499.4985650303531,29.3
Adam Hornby,1499.5008510696582,1499.375895508469,1499.625582192709,27.6
Alejandro Gomez Gb42,1499.9819439337057,1499.9909719668528,1499.9909719668528,31.9
Taylor Fritz,1794.2318975086066,1656.95240333546,1731.2710999597632,25.4
Eduardo Struvay,1498.8716697110774,1499.247648641515,1499.3731061175308,32.2
Jo-Wilfried Tsonga,1465.2283383653144,1430.2559060296608,1454.699434399707,37.9
Yassir Kilani,1499.5,1499.75,1499.75,22.6
Shahin Khaledan,1499.1271516905451,1499.7513453881754,1499.6261656929069,33.6
Bernabe Zapata Miralles,1462.3621621241393,1544.4422373631426,1457.636485992167,26.2
Alexander Bublik,1630.2667308498153,1548.1028670993373,1643.6625774030322,25.9
Potito Starace,1498.9826863767908,1497.9653727535817,1498.9826863767908,41.6
Nikoloz Davlianidze,1499.5,1499.75,1499.75,23.1
Rio Noguchi,1504.4380958625281,1502.219047931264,1502.219047931264,24.7
Timofey Skatov,1450.2638854927795,1475.13194274639,1475.13194274639,22.3
Michal Przysiezny,1485.0562759693578,1487.5884783332285,1487.5971336790485,42.1
Nicolas Moreno De Alboran,1500.0,1500.0,1500.0,26.3
David Goffin,1492.4250586455414,1630.8533569853237,1613.1662329778983,32.3
Bastian Trinker,1499.5441219537693,1499.0882439075383,1499.5441219537693,33.1
Dudi Sela,1480.0152885483437,1478.9309495794653,1486.2279105538519,39.4
Maxim Bulat,1499.4996389303014,1499.7498194651507,1499.7498194651507,25.9
James Ward,1474.9896050438372,1477.9404011190086,1466.2396963769777,42.3
Jose  Flores,1500.0,1500.0,1500.0,27.1
Jorge Brian Panta Herreros,1500.3746386552486,1500.749277310497,1500.3746386552486,27.5
Michael Geerts,1486.363769367316,1494.8642302494295,1493.7426665389153,29.7
Andres Martin,1507.562310731947,1503.7811553659737,1503.7811553659737,23.0
Russell Moseley,1499.5001798894293,1499.7500899447148,1499.7500899447148,38.2
Tim Puetz,1498.0099254941467,1499.0154968124057,1499.03656494307,36.1
Jan Hernych,1497.9689759532835,1498.9851066463195,1498.9863439856756,44.9
Christopher Diaz Figueroa,1500.4970080662777,1500.2479646566512,1500.2483242409764,32.8
Blaz Rola,1478.3302677687623,1480.0496048544117,1483.4825331999402,32.9
Nicolas Barrientos,1479.2249898591483,1493.4885087069888,1490.9044995220456,36.7
Yassine Dlimi,1500.0,1500.0,1500.0,20.3
Julian Reister,1493.10869121051,1490.6847242414178,1494.6298364964382,37.3
Zachary Svajda,1478.932240863783,1489.4661204318918,1489.4661204318918,20.6
Gian Marco Moroni,1469.214117126767,1470.2894344074505,1479.8345171780725,28.1
Rajeev Ram,1489.2956701288463,1493.1258230984242,1494.2084252829916,38.8
Pierre Hugues Herbert,1459.3205740709877,1443.8920673240837,1455.1845862063708,32.6
Jason Jung,1463.0890984249936,1479.8593858287302,1484.3437153159202,34.1
Petros Chrysochos,1498.2188339293043,1498.7570347472267,1498.9919562255102,26.8
Alvaro Guillen Meza,1500.0,1500.0,1500.0,20.6
Gonzalo Lama,1482.022647462368,1464.4313428625744,1482.1513301083144,37.2
Lamine Ouahab,1499.747530429046,1500.249808808767,1499.999113079271,38.1
Edouard Roger Vasselin,1489.1844756645055,1487.8224628668095,1493.764017214026,39.3
Takuto Niki,1498.9974073711276,1499.498703685564,1499.498703685564,35.9
Roger Federer,1736.985076393307,1668.4145969734475,1698.5322344488345,41.8
Sergis Kyratzis,1499.750449464646,1499.5008989292912,1499.750449464646,27.8
Jesper De Jong,1475.0153471498495,1483.258078923278,1474.7588896199845,23.1
Harri Heliovaara,1499.668892166128,1499.449378684508,1499.7060902835456,35.7
Alexander Blockx,1500.0,1500.0,1500.0,18.5
Herkko Pollanen,1499.75,1499.875,1499.875,28.5
Lukas Rosol,1439.9182508335923,1459.5423781338116,1438.5918796889475,40.2
Joachim Bjerke,1499.0012584467568,1499.5006292233786,1499.5006292233786,28.3
Aziz Ouakaa,1498.7095273608222,1501.2297636804112,1499.9797636804112,24.2
Aisam Ul Haq Qureshi,1502.0023069841473,1502.1272174766666,1503.3793455107357,43.4
Abdulrahman Alawadhi,1499.8749550599969,1499.7499101199937,1499.8749550599969,31.0
Joao Fonseca,1500.0,1500.0,1500.0,16.5
Kyle Johnson,1499.5007143014675,1499.7503571507336,1499.7503571507336,29.5
Nicola Kuhn,1468.8926199776097,1462.8188477248577,1447.8290105716076,24.3
Sandro Ehrat,1493.3957921840422,1487.5426765116638,1493.6461562319018,34.2
Michael Russell,1492.6786244864104,1494.0647685088172,1493.580283986219,45.7
Matthew Foster Estwick,1494.740180182709,1497.3700900913545,1497.3700900913545,26.0
Robby Ginepri,1496.2484102278595,1495.738355911004,1496.6641944429846,40.8
Adrian Mannarino,1544.670800746505,1417.374115172063,1509.645122337704,34.7
Michael Linzer,1498.9795524808724,1497.9591049617452,1498.9795524808724,33.4
Michael Venus,1492.4884940307027,1495.4931820276174,1495.99389201944,40.2
Trent Bryde,1489.7830919389105,1494.8915459694551,1494.8915459694551,23.9
Duck Hee Lee,1499.7942275080156,1499.8971137540077,1499.8971137540077,25.2
Christophe Tholl,1498.6100404504095,1499.1175202252048,1499.2425202252048,28.1
John Patrick Smith,1455.7742571578624,1476.4363759463204,1473.5348706810994,39.0
Nicolas Xiviller,1500.2498201105707,1500.1249100552852,1500.1249100552852,24.9
Robert Farah,1499.875,1499.75,1499.875,36.1
Gilles Arnaud Bailly,1477.7222124572354,1488.8611062286177,1488.8611062286177,18.0
Raul Brancaccio,1494.52476968428,1489.04953936856,1494.52476968428,26.0
Duilio Beretta,1500.1243665993916,1500.2498207690896,1500.1247291228271,30.9
Austin Krajicek,1493.5656608229112,1494.5275945318,1494.0225793115985,34.0
Dusan Lajovic,1405.7188723580175,1436.858711261486,1438.5220533825543,32.7
Alessandro Giannessi,1467.8316342723676,1443.3817106799193,1470.404448317429,34.8
Harry Bourchier,1500.839510370458,1500.419755185229,1500.419755185229,27.0
Takanyi Garanganga,1496.846734099528,1498.4233670497636,1498.4233670497636,33.5
Ze Zhang,1483.4413767282842,1492.4697707126709,1491.9703824803187,34.2
Danai Udomchoke,1499.9995482140616,1499.9997741070308,1499.9997741070308,42.5
Janis Podzus,1498.623594725158,1499.1245679161123,1499.24938754709,29.0
Jack Mingjie Lin,1497.9982243028962,1498.9991121514481,1498.9991121514481,23.8
Jeremy Chardy,1560.9945022922404,1513.08723912077,1515.2829057700035,36.1
Mike Scheidweiler,1499.7500899447264,1499.8750449723632,1499.8750449723632,41.3
Tung Lin Wu,1465.7832221391875,1482.8916110695936,1482.8916110695936,24.8
Chase Buchanan,1498.9799750435661,1499.4899875217832,1499.4899875217832,32.1
Konstantin Kravchuk,1484.361404741727,1491.9200908294624,1490.760662745053,38.2
Elliot Benchetrit,1481.9299495798418,1476.4194489995364,1486.1164661931261,28.5
Sunu Wahyu Trijati,1500.25,1500.125,1500.125,35.8
Scott Griekspoor,1499.6365632404127,1499.8182816202063,1499.8182816202063,32.6
Roberto Ortega Olmedo,1499.4963462663904,1498.9926925327811,1499.4963462663904,32.0
Marin Cilic,1708.5859451437695,1757.9375042299832,1711.6010808643603,34.2
Hyeon Chung,1530.7260484601813,1517.8456317784385,1514.835150394084,26.6
Menelaos Efstathiou,1497.1283542175634,1494.6434028264798,1497.2572523480144,23.9
Daniel Azar,1500.0,1500.0,1500.0,18.5
Yen Hsun Lu,1440.0676312763708,1446.729798624474,1442.1423356620328,39.9
Dustin Brown,1473.3389602698644,1478.210664355179,1480.7384879407077,40.4
Peter Polansky,1472.1942405197856,1478.2307927195945,1480.2197956055531,35.6
Clement Chidekh,1500.0,1500.0,1500.0,21.6
Cedrik Marcel Stebe,1475.851882745875,1475.5672382679675,1474.5179527045475,32.3
Minjong Park,1499.7499098940777,1499.7499098940777,1499.4998197881555,21.2
Aleksandr Nedovyesov,1486.000656780838,1487.937933655576,1488.0808420170908,38.1
Matija Pecotic,1500.0,1500.0,1500.0,33.6
Jozef Kovalik,1447.2848969920894,1469.391537432163,1468.0336293792934,30.4
Conor Gannon,1500.0,1500.0,1500.0,21.2
Vit Kopriva,1494.3436528339116,1487.5464282142916,1493.9633603494012,25.8
Marc Gicquel,1500.9929150403682,1500.496457520184,1500.496457520184,45.8
Jarkko Nieminen,1492.9926255568391,1491.8830543299225,1494.5806946252221,41.6
Shintaro Mochizuki,1427.996966836915,1463.9984834184577,1463.9984834184577,20.3
Lofo Ramiaramanana,1500.25,1500.125,1500.125,33.7
Taro Daniel,1463.9078875019534,1438.800694570533,1434.6248087662282,30.2
Younes Lalami Laaroussi,1500.0,1500.0,1500.0,21.9
Tallon Griekspoor,1404.204247661127,1475.12218124649,1496.6322558578465,26.7
Thomas Oger,1500.25,1500.125,1500.125,42.8
Marsel Ilhan,1478.410528843886,1480.2572155722416,1483.7450739301964,39.5
Dino Prizmic,1491.146149730715,1482.29229946143,1491.146149730715,18.1
Simen Sunde Bratholm,1499.4941096230646,1499.7470548115323,1499.7470548115323,24.9
Hugo Grenier,1450.7206324043268,1463.1887782576175,1475.2681869327587,27.0
Jacopo Berrettini,1500.0,1500.0,1500.0,24.2
Salvatore Caruso,1388.534658803103,1382.9287484144713,1407.3248456202527,31.0
Marcos Giron,1530.1234260412045,1477.5668067692952,1525.0132783633726,29.7
Marco Chiudinelli,1490.8176901437366,1492.956335495211,1494.607786080835,42.0
Rik De Voest,1499.9989174418677,1499.999458720934,1499.999458720934,42.8
Benjamin Lock,1501.1765257050174,1498.7026506177424,1499.9597254409198,33.5
Blaise Bicknell,1499.873478579698,1499.7493593820268,1499.874279320575,22.7
Daniel Dutra Da Silva,1490.9571943636709,1481.9143887273417,1490.9571943636709,35.0
Giulio Zeppieri,1485.438251297745,1502.406532653258,1495.948261317001,21.4
Kaichi Uchida,1481.1329702472817,1491.1930355585587,1492.4461364283943,29.1
Marcelo Demoliner,1499.9707564942155,1499.9853782471077,1499.9853782471077,42.6
Nino Serdarusic,1476.5463496478785,1478.5980304761538,1485.0481267080108,28.4
Tomas Barrios Vera,1431.1978266900321,1454.0148212765746,1451.6142418611669,25.1
Marcus Willis,1500.1927092536016,1500.1927092536016,1500.3854185072032,32.7
Rogerio Dutra Silva,1474.7650580185677,1472.9619955586998,1479.2963185344179,40.0
Ernests Gulbis,1474.0072306248971,1478.9808771250287,1483.32413669314,35.9
Mikelis Libietis,1499.36977469891,1499.4974565510965,1499.622410416669,31.5
Ignaci Roca,1499.0012585769896,1499.5006292884946,1499.5006292884946,36.4
Facundo Diaz Acosta,1493.363664702182,1486.7273294043641,1493.363664702182,22.4
Rafael Eduardo Gonzalez Retana,1499.499461014754,1499.7497305073769,1499.7497305073769,23.0
Kenny De Schepper,1479.7018352788498,1481.2440577812133,1485.2029252658488,37.3
Tim Van Rijthoven,1515.5234042262457,1544.7352016681925,1618.6822007783321,25.6
Karim Alayli,1499.74982010956,1499.87491005478,1499.87491005478,39.9
Mehluli Don Ayanda Sibanda,1497.1372484237684,1496.5212603972323,1497.886169607,24.0
Matteo Viola,1496.3654717273853,1496.9626241736828,1496.5351518570133,36.1
Juan Pablo Varillas,1492.3259818278357,1498.2869538273635,1496.8709785517326,27.5
Viktor Galovic,1497.2768614492359,1496.6019366522735,1495.2286476954355,33.7
Thabo Ncube,1498.75,1497.5,1498.75,22.6
Miloslav Mecir Jr,1497.973192467861,1497.4693778229102,1498.4808567635905,35.7
Ben Shelton,1496.6715595720893,1498.3357797860442,1498.3357797860442,20.5
Tommy Robredo,1493.7842196815488,1476.3582728187628,1491.2425954770113,45.9
Sherif Sabry,1499.7498201105707,1499.8749100552852,1499.8749100552852,36.4
Hiroki Moriya,1492.3259299966812,1495.7010294531387,1494.7771583627348,32.9
Patrick Tierro,1499.373548798929,1499.8746114009466,1499.7493867332919,39.6
Patrik Rosenholm,1498.9872404962312,1499.4936202481156,1499.4936202481156,34.9
Marvin Moeller,1499.4991025105335,1498.998205021067,1499.4991025105335,24.4
Gilles Simon,1528.577201411035,1528.6973305835052,1507.8624073941567,38.4
Yosuke Watanuki,1470.1793774307896,1507.3638481642845,1494.1965114969562,24.9
Robin Haase,1441.8264450417041,1458.864690304572,1454.9382761882493,35.7
Petros Tsitsipas,1488.586563348695,1495.2508511071703,1494.6124714852886,22.5
Max Hans Rehberg,1482.6705723945847,1465.3411447891694,1482.6705723945847,19.5
Orlando Luz,1500.7512631828235,1501.5025263656469,1500.7512631828235,25.5
Denis Yevseyev,1500.0,1500.0,1500.0,30.3
Omar Jasika,1497.5622901109296,1498.7811450554645,1498.7811450554645,26.6
Uladzimir Ignatik,1499.6207052449056,1499.241410489811,1499.6207052449056,33.1
Attila Balazs,1447.3665435323023,1455.4374994720313,1455.1458338325433,37.5
Alexandr Dolgopolov,1510.0605927231784,1506.8015904166589,1508.3917543189798,34.1
Steven Diez,1476.8980735679124,1459.518095610364,1478.805389726092,35.0
Christoffer Konigsfeldt,1499.5007195573448,1499.7503597786724,1499.7503597786724,33.7
Mathias Bourgue,1488.5544571192504,1478.5326154907846,1489.029024203345,36.7
Jean Jacques Rakotohasy,1500.3745499265842,1500.3745044097589,1500.249684778781,28.4
John Millman,1419.4071448651348,1410.6191735616248,1423.5711407189533,33.5
Calvin Hemery,1491.6234952246978,1490.9237223723899,1494.1824058656957,33.7
Christopher Oconnell,1457.5432978735885,1429.5807249357892,1445.1011147117076,28.8
Hans Podlipnik Castillo,1500.3745954107019,1500.7491908214035,1500.3745954107019,35.1
Henrik Sillanpaa,1499.7468805247577,1499.4937610495153,1499.7468805247577,31.8
Rodrigo Crespo Piedra,1499.4970765362407,1499.7485382681202,1499.7485382681202,21.7
Michel Saade,1499.5,1499.75,1499.75,24.3
Puriwat Chatpatcharoen,1499.5000900375233,1499.7500450187615,1499.7500450187615,27.5
Stefano Travaglia,1436.4110761494328,1415.5318164669104,1433.732379838285,32.3
Stephane Robert,1478.9183043905273,1481.06576577496,1483.6100256828784,44.6
Jay Clarke,1439.1770134054996,1447.93003761897,1404.61309945141,27.5
Julien Benneteau,1491.7330266022916,1487.0649471291058,1491.0955512379553,41.6
Fabian Marozsan,1497.3122516763403,1498.6561258381703,1498.6561258381703,23.5
Janez Semrajc,1499.7471260373427,1499.8735630186713,1499.8735630186713,33.5
Giovanni Mpetshi Perricard,1500.0,1500.0,1500.0,20.2
Di Wu,1489.3208024854846,1494.279442154318,1494.5334148799345,32.0
Philipp Oswald,1498.9930190770165,1499.4965095385082,1499.4965095385082,37.6
Kei Nishikori,1624.2866656952174,1629.9554743570636,1589.8592712159857,33.5
Yasutaka Uchiyama,1423.5845394942562,1435.9867586863845,1432.9319071133887,32.1
Samir Iftikhar,1499.8731408224482,1499.749137869769,1499.8740928974057,31.4
Elmer Moller,1500.0275093878465,1500.0137546939231,1500.0137546939231,20.1
Quinton Vega,1498.9989574702388,1499.4994787351193,1499.4994787351193,30.2
Laurynas Grigelis,1498.1832308775515,1498.0213062780404,1495.3910338821888,32.5
Aleksandre Metreveli,1440.7671646117951,1470.3925113577359,1470.3865586565103,31.3
Brayden Schnur,1446.7443879217408,1469.3405756867246,1461.2773391384353,30.5
Benjamin Becker,1481.2809716382287,1483.3581656893928,1487.30725315056,42.7
Tomislav Ternar,1499.5004375165827,1499.7502187582913,1499.7502187582913,32.5
Temur Ismailov,1499.747686254279,1499.6233639440202,1499.6225847313258,28.2
Dominik Koepfer,1451.1180063286204,1469.4415290389352,1423.312569243474,29.4
Gregoire Burquier,1498.9932459191502,1499.4966229595752,1499.4966229595752,39.2
Joao Domingues,1499.1050208657934,1498.5639917606252,1499.223004208806,29.3
Martins Rocens,1500.0,1500.0,1500.0,23.4
Alejandro Mendoza,1499.750179627918,1499.500359255836,1499.750179627918,32.9
Juan Alejandro Hernandez Serrano,1496.0214593535861,1498.010729676793,1498.010729676793,24.1
Duilio Vallebuona,1499.8750898888434,1499.750179777687,1499.8750898888434,30.6
Karen Khachanov,1779.033424424482,1740.8942203685663,1713.071877529633,26.9
Frank Dancevic,1490.3882470929575,1494.7429849703526,1495.7356157887589,38.8
Digvijaypratap Singh,1500.0,1500.0,1500.0,23.2
Filip Peliwo,1497.7158217624606,1498.478526970585,1498.7314495776818,30.5
Mikhail Youzhny,1461.8537130737882,1460.6018093938487,1466.397597751271,41.2
Vaclav Safranek,1494.0564692215405,1496.65576624675,1496.90407848943,28.8
Daniel Cukierman,1491.7983124855937,1496.0744775231158,1495.9575966695697,28.1
Juan Lugo,1499.498715144503,1499.7493575722515,1499.7493575722515,23.9
Luca Nardi,1484.6014001550911,1472.0913197454665,1485.5642399668525,19.6
Nicolas Mejia,1483.6849116038045,1495.341567042455,1493.0088262154197,23.5
Gerald Melzer,1474.6594255659297,1468.9107985632447,1481.1900747097247,37.0
Facundo Bagnis,1399.1420518374243,1437.9494872174917,1402.7398270802776,33.0
Agustin Velotti,1498.9623405569985,1497.924681113997,1498.9623405569985,30.7
Nikola Cacic,1499.9993233391717,1499.9986466783432,1499.9993233391717,32.6
Justin Lunn,1499.750800246706,1499.875400123353,1499.875400123353,31.6
Alex Rybakov,1500.0,1500.0,1500.0,26.0
Danilo Petrovic,1493.790625795054,1490.810192295618,1494.8669393635573,32.2
Tigre Hank,1496.2327229076234,1497.7417011824714,1497.991474696698,33.3
Juan Manuel Cerundolo,1464.7205834088163,1489.849912440153,1484.8568319496567,21.3
Alexander Zverev,1817.2712107578716,1870.0543499998953,1733.639063527303,26.0
Hans Hach Verdugo,1499.9999987621927,1499.9999993810966,1499.9999993810966,33.2
Anil Yuksel,1498.8580218815516,1499.2400671282044,1499.3660296699188,32.8
Marcus Daniell,1499.7451022856983,1499.8725511428493,1499.8725511428493,33.6
Tsung Hua Yang,1499.50286656986,1499.75143328493,1499.75143328493,32.4
Gregoire Barrere,1465.1386576135972,1454.2141790948451,1458.9471376714412,29.1
Arturs Lazdins,1499.5012725233466,1499.7506362616734,1499.7506362616734,25.8
Pak Long Yeung,1498.9969105919993,1499.4984552959997,1499.4984552959997,28.0
Facundo Mena,1471.1733668277113,1485.5866834138558,1485.5866834138558,30.9
Henrique Rocha,1500.0,1500.0,1500.0,18.9
Aditya Hari Sasongko,1499.6246857001695,1499.6251791565082,1499.7499549522258,36.5
Philip Sekulic,1500.0,1500.0,1500.0,20.0
John Bryan Decasa Otico,1500.5007167413974,1499.5017050609245,1500.0008072674405,23.7
Benjamin Hannestad,1499.5009634713147,1499.7504817356573,1499.7504817356573,26.5
Gianluigi Quinzi,1498.4757934478082,1499.194179793702,1499.2233244138367,27.1
Marko Topo,1481.634829816452,1463.2696596329042,1481.634829816452,19.5
Mate Pavic,1497.9690532575946,1498.4787634301724,1497.4672370329226,33.2
Matteo Martineau,1500.0,1500.0,1500.0,24.8
Charalampos Kapogiannis,1499.8750898165774,1499.750179633155,1499.8750898165774,33.2
Bowen Ouyang,1498.9889871930613,1499.4944935965307,1499.4944935965307,31.3
Austin Smith,1498.9908034003683,1499.4954017001842,1499.4954017001842,29.6
Johan Nikles,1493.245603424044,1486.4912068480883,1493.245603424044,26.1
Gabriel Diallo,1494.754231661559,1497.3771158307795,1497.3771158307795,21.9
Darko Bojanovic,1499.4971852797876,1499.7485926398938,1499.7485926398938,26.5
Amir Weintraub,1496.4595074833387,1498.1615075241773,1497.5261168520285,39.9
Kittipong Wachiramanowong,1500.2490127784436,1499.9996411005845,1499.7499105233098,34.2
Andrea Basso,1499.2340211494527,1498.4680422989054,1499.2340211494527,29.5
Rudolfs Mednis,1499.0001633110628,1499.5000816555314,1499.5000816555314,25.0
Elias Ymer,1517.5421979668688,1489.5828513598058,1477.9691696133975,27.0
Mateus Alves,1500.0,1500.0,1500.0,22.0
Gunawan Trismuwantara,1497.94516458003,1498.972582290015,1498.972582290015,21.6
Hugo Gaston,1402.219536816519,1486.6359292248383,1475.4635546569175,22.5
Santiago Giraldo,1475.4812729701998,1488.0310127599855,1488.074898689027,36.2
Li Tu,1463.4893840805958,1481.7446920402979,1481.7446920402979,27.3
Henri Squire,1489.8958822417333,1489.8958822417333,1479.7917644834667,22.7
Omar Awadhy,1499.0105752619818,1499.5052876309908,1499.5052876309908,41.1
Yshai Oliel,1466.762426258711,1483.3771621265557,1483.379862795089,23.6
Johnny Arcilla,1499.8749999029194,1499.7499998058388,1499.8749999029194,43.1
Liang Chi Huang,1500.6250897828666,1500.5001795658736,1500.3750897829134,30.9
Maxim Dubarenco,1500.249999806095,1500.4997297780467,1500.2499098613805,29.7
Jesus Bandres,1499.2527087104704,1499.6263543552354,1499.6263543552354,32.1
Antonio Veic,1498.9785487617833,1499.4892743808916,1499.4892743808916,34.9
Tilen Zitnik,1499.5008973729616,1499.750448686481,1499.750448686481,31.7
Gilles Muller,1504.3591593778094,1498.6806759474205,1512.0685217497428,40.3
Michael Lammer,1499.247415365712,1499.6237076828559,1499.6237076828559,40.9
Matthew Ebden,1482.8975602551275,1475.0999866496609,1477.5119665190034,36.5
Egor Gerasimov,1449.24029276336,1464.7876899083608,1474.7662547640716,30.8
Hsien Yin Peng,1499.5010531683242,1499.7505265841621,1499.7505265841621,33.1
Dimitar Kuzmanov,1472.6408587094593,1490.4159803937412,1487.6856130344006,29.6
Carlos Berlocq,1476.6850871506797,1479.5647731747345,1482.243204262847,41.1
Michael Mmoh,1415.2419617308392,1409.4080363333853,1438.3592363600883,25.3
Joao Sousa,1447.2317400399309,1425.963545937288,1393.9940957156962,34.0
Nicholas Campbell,1499.7498199774477,1499.8749099887239,1499.8749099887239,52.0
Gastao Elias,1477.1626446392618,1481.912356659266,1482.3855676706555,35.8
Simone Bolelli,1490.3910678384923,1495.0298228389458,1496.4757644721449,37.6
Alvaro Lopez San Martin,1500.0,1500.0,1500.0,25.9
Santiago Maresca,1500.125383471163,1499.8755285953841,1500.0003040221825,29.4
Mitchell Krueger,1459.6545283804796,1490.3338562447082,1488.1066943584813,29.6
Hernan Casanova,1489.2759818632828,1478.5519637265656,1489.2759818632828,29.4
Jurabek Karimov,1500.6249746966998,1500.4997090953614,1500.374894597354,25.2
Raymond Sarmiento,1498.0409445244293,1499.0204722622148,1499.0204722622148,31.0
Ivan Dodig,1478.8870039396652,1487.9377024464522,1487.2257804592602,38.5
Miljan Zekic,1499.5242039944844,1499.048407988969,1499.5242039944844,35.0
Luis Diego Chavez Villalpando,1500.2507135911399,1500.5014271822797,1500.2507135911399,27.2
Naser Al Obaidly,1499.8750450856646,1499.750090171329,1499.8750450856646,27.9
Federico Coria,1466.3916687737506,1521.160829534213,1456.0915923875855,31.1
Adrian Ungur,1497.2802902912567,1495.6202202029278,1497.6335034980616,38.6
Alexander Zgirovsky,1499.2408782597986,1498.4817565195972,1499.2408782597986,22.1
Lucky Candra Kurniawan,1495.071847285877,1497.5359236429385,1497.5359236429385,19.7
Yasir Khan,1499.497976421274,1499.3709528425481,1499.622976421274,33.8
Benjamin Bonzi,1493.880850567627,1460.3408921385458,1529.6494971202221,26.8
Julio Cesar Campozano,1499.9999095133394,1499.9998190266786,1499.9999095133394,37.1
Guido Andreozzi,1480.7444900455903,1475.8098804775273,1480.281333938623,31.9
Salvador Andres Bolanos,1499.625000064732,1499.6248651152941,1499.7499550600087,24.8
Lleyton Cronje,1497.3935925430244,1494.7871850860486,1497.3935925430244,22.9
Lukas Neumayer,1494.9754277615507,1489.9508555231014,1494.9754277615507,20.8
Walid Ahouda,1500.0,1500.0,1500.0,19.9
Yunseong Chung,1477.8336347167672,1488.9168173583835,1488.9168173583835,25.3
Liam Caruana,1495.163167264981,1497.5815836324907,1497.5815836324907,25.7
George Tsivadze,1499.0061050449997,1498.7626197023171,1499.256241582439,30.6
Botic Van De Zandschulp,1622.9514118093352,1644.0162255109913,1632.631111413316,27.5
Andres Bucaro,1499.875,1499.75,1499.875,32.3
Fred Simonsson,1499.5,1499.0,1499.5,28.6
Martin Fischer,1499.994391969493,1499.2398655588258,1499.7447525094396,37.7
Marko Tepavac,1498.9559914721133,1499.4779957360568,1499.4779957360568,28.8
Norbert Gombos,1376.9736460250429,1426.0741311803529,1410.9634520327613,32.6
Martin Pedersen,1499.7502614256107,1499.874860878801,1499.8750407681373,36.7
Abdullah Maqdas,1499.9986975483807,1499.999012063775,1499.9992365373853,37.8
Rayane Roumane,1497.9196830197666,1498.9598415098833,1498.9598415098833,23.0
Soon Woo Kwon,1559.5400962689732,1525.0115934947728,1520.0652191659228,25.1
Stefanos Tsitsipas,1794.8774332367354,1833.765900716815,1706.27008884626,24.6
Gustavo Ramirez,1499.8742357230778,1499.7484714461557,1499.8742357230778,37.2
Hubert Hurkacz,1722.258525843032,1653.5802919641221,1666.229593014893,26.1
Yibing Wu,1558.6182468863858,1529.3091234431934,1529.3091234431934,23.5
Nicolas Alvarez,1495.5341222490251,1490.3234265648696,1495.2858496046315,28.2
Paul Jubb,1480.3649219185734,1480.3649219185734,1460.7298438371467,23.6
Bernard Tomic,1505.9033585858506,1481.501890402015,1499.4994170320613,30.3
Mikhail Kukushkin,1361.385173263632,1369.247894626751,1380.903942452711,35.7
Moez Echargui,1499.4999582452863,1499.7499791226433,1499.7499791226433,30.0
Billy Harris,1500.0,1500.0,1500.0,28.7
Giovanni Lapentti,1498.9858056028363,1497.971611205673,1498.9858056028363,40.0
Yanki Erel,1497.4159908150568,1494.8319816301137,1497.4159908150568,22.9
Radu Albot,1517.120316420954,1450.00722176111,1436.6815399448803,33.4
Thiago Monteiro,1462.905392505434,1465.0358140909386,1439.4461320440553,28.8
Haydn Lewis,1497.6144613104186,1498.222857235616,1498.612439515345,40.1
Yan Bai,1495.6978918949278,1497.8489459474636,1497.8489459474636,38.3
Rodrigo Banzer,1500.1247300357554,1499.8751346562055,1499.9999548973203,26.0
Saketh Myneni,1497.0864307077607,1498.6057376970145,1498.7307823832828,36.2
Pere Riba,1490.1090758431808,1490.1663497294471,1492.0845921511007,36.8
Ugo Nastasi,1498.6147031013531,1498.746064393904,1499.1202558317523,29.7
Luca Vanni,1484.9704179558348,1488.281308535673,1489.7223636765195,40.6
Victor Hanescu,1495.1531363421143,1496.9176328092362,1495.4108006916395,41.6
Yuttana Charoenphon,1504.9987465320446,1502.4993732660223,1502.4993732660223,23.0
Juho Paukku,1499.5017899143832,1499.7508949571916,1499.7508949571916,36.6
Cesar Ramirez,1499.75,1499.875,1499.875,33.1
Ugo Humbert,1416.4614360784212,1406.7728795844,1487.6923764360522,24.7
Ajeet Rai,1494.8668430738958,1497.4334215369477,1497.4334215369477,27.6
Manuel Castellanos,1499.8746872781041,1499.7493745562085,1499.8746872781041,26.5
Philipp Petzschner,1499.5269849544047,1499.0015411272166,1499.5095086938738,39.4
Zhe Li,1486.8987120488132,1493.4493560244066,1493.4493560244066,40.9
Dinko Halachev,1499.875,1499.75,1499.875,38.4
Luciano Ramazzini,1499.251162450989,1499.6255812254947,1499.6255812254947,29.2
Patrick Ciorcila,1499.4982561422892,1498.9965122845786,1499.4982561422892,26.5
Anthony Susanto,1499.375089912936,1499.4999097971831,1499.624999903373,25.6
Mario Vilella Martinez,1484.3554656486929,1485.0422850947061,1489.7992502477996,28.0
Jesse Huta Galung,1493.849833751912,1496.7418787147126,1496.8716006419277,38.3
Mustapha El Natour,1500.0,1500.0,1500.0,18.8
Andreja Petrovic,1500.0,1500.0,1500.0,22.9
Adam Moundir,1499.9789416869587,1499.9578833739174,1499.9789416869587,30.9
Sarp Agabigun,1500.5,1500.25,1500.25,25.6
Alexis Klegou,1494.9186722658376,1497.4593361329187,1497.4593361329187,34.0
Cheng Yu Yu,1499.5,1499.75,1499.75,27.8
Alex Fairbanks,1499.7505396974318,1499.5010793948638,1499.7505396974318,26.9
Tadas Babelis,1498.9942489489156,1499.1214390111663,1499.371895986694,26.1
Ignacio Carou,1493.5096614560143,1487.0193229120284,1493.5096614560143,24.1
Luke Saville,1486.3471280413505,1492.2100410032058,1490.2829949682668,38.7
Erik Arutiunian,1498.5962565833881,1497.192513166776,1498.5962565833881,18.9
Ruben Gonzales,1500.4965278913278,1500.9966489357391,1500.4977256090224,37.3
Paul Henri Mathieu,1478.5379235812295,1484.6704039597596,1483.9426321251065,41.2
Matteo Berrettini,1757.7596430169037,1769.2601764281533,1812.5975957398186,26.9
Nicolas Jarry,1439.3303648152694,1443.4110257001685,1457.628151818711,27.5
Dineshkanthan Thangarajah,1499.3752698017838,1499.5002697694238,1499.6251798570693,32.1
Michael Vrbensky,1491.6361942602418,1495.818097130121,1495.818097130121,23.0
John Isner,1605.6175863446501,1638.5505983275248,1619.043107305601,37.8
Oliver Anderson,1498.9707794284311,1499.4853897142154,1499.4853897142154,24.6
Riccardo Bellotti,1499.4808265336894,1498.9616530673786,1499.4808265336894,31.7
Kuan Yi Lee,1499.749335838473,1499.8746679192363,1499.8746679192363,28.3
Francisco Cerundolo,1541.678988382738,1594.088779493797,1525.8182001489733,24.6
Florian Mayer,1465.8644221111533,1466.3913115764417,1477.087046747157,39.8
Abdulhameed Alshatti,1499.500359908113,1499.7501799540564,1499.7501799540564,27.6
Stefanos Sakellaridis,1500.0,1500.0,1500.0,18.3
Daniel Cox,1498.506523423475,1498.506523423475,1497.0130468469501,32.7
Arthur Rinderknech,1615.1235333397985,1502.1132763902392,1504.1115763407133,27.8
Mehdi Jdi,1499.75,1499.875,1499.875,34.2
Peter Nagy,1499.64543969932,1499.8191527597903,1499.8215308197034,33.8
Mahammad Abid,1499.1244347834975,1499.3733276401604,1499.4992541412194,28.6
Alex Bogomolov Jr,1495.5439280793746,1497.0241076007997,1497.5226785600582,39.9
Rigele Te,1502.4417466251325,1504.8834932502652,1502.4417466251325,25.9
